Build tool,Group id,Artifact id,Version,Dependency group id,Dependency artifact id,Dependency version,Direct Dependency,Resolution failure
Gradle,org.exist-db,exist-counter,7.0.0-SNAPSHOT,net.sf.xmldb-org,xmldb-api,2.0.0,true,
Gradle,org.exist-db,exist-counter,7.0.0-SNAPSHOT,junit,junit,4.13.2,true,
Gradle,org.exist-db,exist-counter,7.0.0-SNAPSHOT,org.hamcrest,hamcrest-core,1.3,false,
Gradle,org.exist-db,exist-counter,7.0.0-SNAPSHOT,org.apache.logging.log4j,log4j-api,2.25.4,true,
Gradle,org.exist-db,exist-counter,7.0.0-SNAPSHOT,org.exist-db,exist-core,7.0.0-SNAPSHOT,true,
Gradle,org.exist-db,exist-counter,7.0.0-SNAPSHOT,org.apache.logging.log4j,log4j-slf4j2-impl,2.25.4,false,
Gradle,org.exist-db,exist-counter,7.0.0-SNAPSHOT,org.apache.logging.log4j,log4j-core,2.25.4,false,
Gradle,org.exist-db,exist-counter,7.0.0-SNAPSHOT,org.slf4j,slf4j-api,2.0.17,false,
Gradle,org.exist-db,exist-counter,7.0.0-SNAPSHOT,org.apache.logging.log4j,log4j-jcl,2.25.4,false,
Gradle,org.exist-db,exist-counter,7.0.0-SNAPSHOT,commons-logging,commons-logging,1.3.6,false,
Gradle,org.exist-db,exist-counter,7.0.0-SNAPSHOT,org.apache.logging.log4j,log4j-jul,2.25.4,false,
Gradle,org.exist-db,exist-counter,7.0.0-SNAPSHOT,com.evolvedbinary.thirdparty.org.apache.xmlrpc,xmlrpc-client,5.0.0,false,
Gradle,org.exist-db,exist-counter,7.0.0-SNAPSHOT,com.evolvedbinary.thirdparty.org.apache.xmlrpc,xmlrpc-common,5.0.0,false,
Gradle,org.exist-db,exist-counter,7.0.0-SNAPSHOT,org.apache.ws.commons.util,ws-commons-util,1.0.2,false,
Gradle,org.exist-db,exist-counter,7.0.0-SNAPSHOT,com.evolvedbinary.thirdparty.org.apache.xmlrpc,xmlrpc-server,5.0.0,false,
Gradle,org.exist-db,exist-counter,7.0.0-SNAPSHOT,antlr,antlr,2.7.7,false,
Gradle,org.exist-db,exist-counter,7.0.0-SNAPSHOT,com.evolvedbinary.j8fu,j8fu,1.24.0,false,
Gradle,org.exist-db,exist-counter,7.0.0-SNAPSHOT,net.jcip,jcip-annotations,1.0,false,
Gradle,org.exist-db,exist-counter,7.0.0-SNAPSHOT,org.expath.packaging,pkg-java,2.1.1,false,
Gradle,org.exist-db,exist-counter,7.0.0-SNAPSHOT,com.google.code.findbugs,jsr305,3.0.2,false,
Gradle,org.exist-db,exist-counter,7.0.0-SNAPSHOT,com.fasterxml.jackson.core,jackson-core,2.21.2,false,
Gradle,org.exist-db,exist-counter,7.0.0-SNAPSHOT,com.fasterxml.jackson,jackson-bom,2.21.2,false,
Gradle,org.exist-db,exist-counter,7.0.0-SNAPSHOT,com.evolvedbinary.multilock,multilock,1.0.1,false,
Gradle,org.exist-db,exist-counter,7.0.0-SNAPSHOT,org.eclipse.jetty,jetty-jaas,11.0.26,false,
Gradle,org.exist-db,exist-counter,7.0.0-SNAPSHOT,org.apache.directory.api,api-ldap-model,2.1.7,false,
Gradle,org.exist-db,exist-counter,7.0.0-SNAPSHOT,com.github.ben-manes.caffeine,caffeine,3.2.3,false,
Gradle,org.exist-db,exist-counter,7.0.0-SNAPSHOT,org.jspecify,jspecify,1.0.0,false,
Gradle,org.exist-db,exist-counter,7.0.0-SNAPSHOT,com.google.errorprone,error_prone_annotations,2.43.0,false,
Gradle,org.exist-db,exist-counter,7.0.0-SNAPSHOT,commons-codec,commons-codec,1.22.0,false,
Gradle,org.exist-db,exist-counter,7.0.0-SNAPSHOT,org.apache.commons,commons-lang3,3.20.0,false,
Gradle,org.exist-db,exist-counter,7.0.0-SNAPSHOT,org.apache.mina,mina-core,2.2.5,false,
Gradle,org.exist-db,exist-counter,7.0.0-SNAPSHOT,org.apache.directory.api,api-asn1-ber,2.1.7,false,
Gradle,org.exist-db,exist-counter,7.0.0-SNAPSHOT,org.apache.directory.api,api-util,2.1.7,false,
Gradle,org.exist-db,exist-counter,7.0.0-SNAPSHOT,org.apache.directory.api,api-i18n,2.1.7,false,
Gradle,org.exist-db,exist-counter,7.0.0-SNAPSHOT,org.apache.directory.api,api-asn1-api,2.1.7,false,
Gradle,org.exist-db,exist-counter,7.0.0-SNAPSHOT,org.apache.servicemix.bundles,org.apache.servicemix.bundles.antlr,2.7.7_5,false,
Gradle,org.exist-db,exist-counter,7.0.0-SNAPSHOT,org.apache.commons,commons-collections4,4.4,false,
Gradle,org.exist-db,exist-counter,7.0.0-SNAPSHOT,org.eclipse.jetty,jetty-security,11.0.26,false,
Gradle,org.exist-db,exist-counter,7.0.0-SNAPSHOT,org.eclipse.jetty,jetty-server,11.0.26,false,
Gradle,org.exist-db,exist-counter,7.0.0-SNAPSHOT,org.eclipse.jetty,jetty-http,11.0.26,false,
Gradle,org.exist-db,exist-counter,7.0.0-SNAPSHOT,org.eclipse.jetty,jetty-io,11.0.26,false,
Gradle,org.exist-db,exist-counter,7.0.0-SNAPSHOT,org.eclipse.jetty,jetty-util,11.0.26,false,
Gradle,org.exist-db,exist-counter,7.0.0-SNAPSHOT,org.eclipse.jetty.toolchain,jetty-jakarta-servlet-api,5.0.2,false,
Gradle,org.exist-db,exist-counter,7.0.0-SNAPSHOT,com.github.krukow,clj-ds,0.0.4,false,
Gradle,org.exist-db,exist-counter,7.0.0-SNAPSHOT,com.siemens.ct.exi,exificient,1.0.7,false,
Gradle,org.exist-db,exist-counter,7.0.0-SNAPSHOT,com.siemens.ct.exi,exificient-grammars,1.0.7,false,
Gradle,org.exist-db,exist-counter,7.0.0-SNAPSHOT,com.siemens.ct.exi,exificient-core,1.0.7,false,
Gradle,org.exist-db,exist-counter,7.0.0-SNAPSHOT,xerces,xercesImpl,2.12.2,false,
Gradle,org.exist-db,exist-counter,7.0.0-SNAPSHOT,xmlpull,xmlpull,1.1.3.1,false,
Gradle,org.exist-db,exist-counter,7.0.0-SNAPSHOT,javax.activation,activation,1.1.1,false,
Gradle,org.exist-db,exist-counter,7.0.0-SNAPSHOT,com.ibm.icu,icu4j,59.2,false,
Gradle,org.exist-db,exist-counter,7.0.0-SNAPSHOT,org.relaxng,jing,20241231,false,
Gradle,org.exist-db,exist-counter,7.0.0-SNAPSHOT,net.sf.saxon,Saxon-HE,9.9.1-8,false,
Gradle,org.exist-db,exist-counter,7.0.0-SNAPSHOT,isorelax,isorelax,20030108,false,
Gradle,org.exist-db,exist-counter,7.0.0-SNAPSHOT,org.exist-db,exist-start,7.0.0-SNAPSHOT,false,
Gradle,org.exist-db,exist-counter,7.0.0-SNAPSHOT,org.exquery,exquery-common,0.2.1,false,
Gradle,org.exist-db,exist-counter,7.0.0-SNAPSHOT,org.bouncycastle,bcprov-jdk18on,1.84,false,
Gradle,org.exist-db,exist-counter,7.0.0-SNAPSHOT,at.yawk.lz4,lz4-java,1.11.0,false,
Gradle,org.exist-db,exist-counter,7.0.0-SNAPSHOT,com.fasterxml.uuid,java-uuid-generator,5.2.0,false,
Gradle,org.exist-db,exist-counter,7.0.0-SNAPSHOT,jakarta.servlet,jakarta.servlet-api,5.0.0,false,
Gradle,org.exist-db,exist-counter,7.0.0-SNAPSHOT,org.quartz-scheduler,quartz,2.5.2,false,
Gradle,org.exist-db,exist-counter,7.0.0-SNAPSHOT,jakarta.xml.bind,jakarta.xml.bind-api,4.0.5,false,
Gradle,org.exist-db,exist-counter,7.0.0-SNAPSHOT,jakarta.activation,jakarta.activation-api,2.1.4,false,
Gradle,org.exist-db,exist-counter,7.0.0-SNAPSHOT,org.glassfish.jaxb,jaxb-runtime,4.0.7,false,
Gradle,org.exist-db,exist-counter,7.0.0-SNAPSHOT,org.glassfish.jaxb,jaxb-core,4.0.7,false,
Gradle,org.exist-db,exist-counter,7.0.0-SNAPSHOT,org.eclipse.angus,angus-activation,2.0.3,false,
Gradle,org.exist-db,exist-counter,7.0.0-SNAPSHOT,org.glassfish.jaxb,txw2,4.0.7,false,
Gradle,org.exist-db,exist-counter,7.0.0-SNAPSHOT,com.sun.istack,istack-commons-runtime,4.1.2,false,
Gradle,org.exist-db,exist-counter,7.0.0-SNAPSHOT,org.exist-db.thirdparty.javax.xml.xquery,xqjri,20080114-133351,false,
Gradle,org.exist-db,exist-counter,7.0.0-SNAPSHOT,org.jline,jline,4.0.12,false,
Gradle,org.exist-db,exist-counter,7.0.0-SNAPSHOT,net.bytebuddy,byte-buddy,1.18.8,false,
Gradle,org.exist-db,exist-counter,7.0.0-SNAPSHOT,se.softhouse,jargo,0.4.14,false,
Gradle,org.exist-db,exist-counter,7.0.0-SNAPSHOT,commons-io,commons-io,2.22.0,false,
Gradle,org.exist-db,exist-counter,7.0.0-SNAPSHOT,org.apache.commons,commons-pool2,2.13.1,false,
Gradle,org.exist-db,exist-counter,7.0.0-SNAPSHOT,org.exist-db.thirdparty.xerces,xercesImpl,2.12.2,false,
Gradle,org.exist-db,exist-counter,7.0.0-SNAPSHOT,org.xmlresolver,xmlresolver,6.0.21,false,
Gradle,org.exist-db,exist-counter,7.0.0-SNAPSHOT,org.exist-db,exist-saxon-regex,9.4.0-9.e1,false,
Gradle,org.exist-db,exist-counter,7.0.0-SNAPSHOT,org.aspectj,aspectjrt,1.9.25.1,false,
Gradle,org.exist-db,exist-counter,7.0.0-SNAPSHOT,org.eclipse.jetty,jetty-annotations,11.0.26,false,
Gradle,org.exist-db,exist-counter,7.0.0-SNAPSHOT,org.eclipse.jetty,jetty-plus,11.0.26,false,
Gradle,org.exist-db,exist-counter,7.0.0-SNAPSHOT,org.eclipse.jetty,jetty-webapp,11.0.26,false,
Gradle,org.exist-db,exist-counter,7.0.0-SNAPSHOT,org.eclipse.jetty,jetty-servlet,11.0.26,false,
Gradle,org.exist-db,exist-counter,7.0.0-SNAPSHOT,org.eclipse.jetty,jetty-xml,11.0.26,false,
Gradle,org.exist-db,exist-counter,7.0.0-SNAPSHOT,org.eclipse.jetty,jetty-jndi,11.0.26,false,
Gradle,org.exist-db,exist-counter,7.0.0-SNAPSHOT,jakarta.transaction,jakarta.transaction-api,2.0.0,false,
Gradle,org.exist-db,exist-counter,7.0.0-SNAPSHOT,jakarta.annotation,jakarta.annotation-api,2.1.1,false,
Gradle,org.exist-db,exist-counter,7.0.0-SNAPSHOT,org.ow2.asm,asm-commons,9.8,false,
Gradle,org.exist-db,exist-counter,7.0.0-SNAPSHOT,org.ow2.asm,asm-tree,9.8,false,
Gradle,org.exist-db,exist-counter,7.0.0-SNAPSHOT,org.ow2.asm,asm,9.8,false,
Gradle,org.exist-db,exist-counter,7.0.0-SNAPSHOT,com.fifesoft,rsyntaxtextarea,3.6.2,false,
Gradle,org.exist-db,exist-counter,7.0.0-SNAPSHOT,org.jgrapht,jgrapht-opt,1.5.3,false,
Gradle,org.exist-db,exist-counter,7.0.0-SNAPSHOT,it.unimi.dsi,fastutil,8.5.18,false,
Gradle,org.exist-db,exist-counter,7.0.0-SNAPSHOT,org.jgrapht,jgrapht-core,1.5.3,false,
Gradle,org.exist-db,exist-counter,7.0.0-SNAPSHOT,org.jheaps,jheaps,0.14,false,
Gradle,org.exist-db,exist-counter,7.0.0-SNAPSHOT,org.apfloat,apfloat,1.14.0,false,
Gradle,org.exist-db,exist-counter,7.0.0-SNAPSHOT,io.lacuna,bifurcan,0.2.0-rc1,false,
Gradle,org.exist-db,exist-counter,7.0.0-SNAPSHOT,org.apache.ant,ant,1.10.17,false,
Gradle,org.exist-db,exist-counter,7.0.0-SNAPSHOT,org.apache.ant,ant-launcher,1.10.17,false,
Gradle,org.exist-db,exist-counter,7.0.0-SNAPSHOT,org.hamcrest,hamcrest,3.0,false,
Gradle,org.exist-db,exist-counter,7.0.0-SNAPSHOT,org.xmlunit,xmlunit-core,2.11.0,false,
Gradle,org.exist-db,exist-counter,7.0.0-SNAPSHOT,org.fusesource.jansi,jansi,2.4.3,false,
Gradle,org.exist-db,exist-counter,7.0.0-SNAPSHOT,org.codelibs,nekohtml,2.1.3,false,
Gradle,org.exist-db,exist-counter,7.0.0-SNAPSHOT,xml-resolver,xml-resolver,1.2,false,
Gradle,org.exist-db,exist-counter,7.0.0-SNAPSHOT,org.exist-db.thirdparty.org.eclipse.wst.xml,xpath2,1.2.0,false,
Gradle,org.exist-db,exist-counter,7.0.0-SNAPSHOT,edu.princeton.cup,java-cup,10k,false,
Gradle,org.exist-db,exist-index-sort,7.0.0-SNAPSHOT,junit,junit,4.13.2,true,
Gradle,org.exist-db,exist-index-sort,7.0.0-SNAPSHOT,org.hamcrest,hamcrest-core,1.3,false,
Gradle,org.exist-db,exist-index-sort,7.0.0-SNAPSHOT,org.apache.logging.log4j,log4j-api,2.25.4,true,
Gradle,org.exist-db,exist-index-sort,7.0.0-SNAPSHOT,org.exist-db,exist-core,7.0.0-SNAPSHOT,true,
Gradle,org.exist-db,exist-index-sort,7.0.0-SNAPSHOT,org.apache.logging.log4j,log4j-slf4j2-impl,2.25.4,false,
Gradle,org.exist-db,exist-index-sort,7.0.0-SNAPSHOT,org.apache.logging.log4j,log4j-core,2.25.4,false,
Gradle,org.exist-db,exist-index-sort,7.0.0-SNAPSHOT,org.slf4j,slf4j-api,2.0.17,false,
Gradle,org.exist-db,exist-index-sort,7.0.0-SNAPSHOT,org.apache.logging.log4j,log4j-jcl,2.25.4,false,
Gradle,org.exist-db,exist-index-sort,7.0.0-SNAPSHOT,commons-logging,commons-logging,1.3.6,false,
Gradle,org.exist-db,exist-index-sort,7.0.0-SNAPSHOT,org.apache.logging.log4j,log4j-jul,2.25.4,false,
Gradle,org.exist-db,exist-index-sort,7.0.0-SNAPSHOT,com.evolvedbinary.thirdparty.org.apache.xmlrpc,xmlrpc-client,5.0.0,false,
Gradle,org.exist-db,exist-index-sort,7.0.0-SNAPSHOT,com.evolvedbinary.thirdparty.org.apache.xmlrpc,xmlrpc-common,5.0.0,false,
Gradle,org.exist-db,exist-index-sort,7.0.0-SNAPSHOT,org.apache.ws.commons.util,ws-commons-util,1.0.2,false,
Gradle,org.exist-db,exist-index-sort,7.0.0-SNAPSHOT,com.evolvedbinary.thirdparty.org.apache.xmlrpc,xmlrpc-server,5.0.0,false,
Gradle,org.exist-db,exist-index-sort,7.0.0-SNAPSHOT,antlr,antlr,2.7.7,false,
Gradle,org.exist-db,exist-index-sort,7.0.0-SNAPSHOT,com.evolvedbinary.j8fu,j8fu,1.24.0,false,
Gradle,org.exist-db,exist-index-sort,7.0.0-SNAPSHOT,net.jcip,jcip-annotations,1.0,false,
Gradle,org.exist-db,exist-index-sort,7.0.0-SNAPSHOT,org.expath.packaging,pkg-java,2.1.1,false,
Gradle,org.exist-db,exist-index-sort,7.0.0-SNAPSHOT,com.google.code.findbugs,jsr305,3.0.2,false,
Gradle,org.exist-db,exist-index-sort,7.0.0-SNAPSHOT,com.fasterxml.jackson.core,jackson-core,2.21.2,false,
Gradle,org.exist-db,exist-index-sort,7.0.0-SNAPSHOT,com.fasterxml.jackson,jackson-bom,2.21.2,false,
Gradle,org.exist-db,exist-index-sort,7.0.0-SNAPSHOT,com.evolvedbinary.multilock,multilock,1.0.1,false,
Gradle,org.exist-db,exist-index-sort,7.0.0-SNAPSHOT,org.eclipse.jetty,jetty-jaas,11.0.26,false,
Gradle,org.exist-db,exist-index-sort,7.0.0-SNAPSHOT,org.apache.directory.api,api-ldap-model,2.1.7,false,
Gradle,org.exist-db,exist-index-sort,7.0.0-SNAPSHOT,com.github.ben-manes.caffeine,caffeine,3.2.3,false,
Gradle,org.exist-db,exist-index-sort,7.0.0-SNAPSHOT,org.jspecify,jspecify,1.0.0,false,
Gradle,org.exist-db,exist-index-sort,7.0.0-SNAPSHOT,com.google.errorprone,error_prone_annotations,2.43.0,false,
Gradle,org.exist-db,exist-index-sort,7.0.0-SNAPSHOT,commons-codec,commons-codec,1.22.0,false,
Gradle,org.exist-db,exist-index-sort,7.0.0-SNAPSHOT,org.apache.commons,commons-lang3,3.20.0,false,
Gradle,org.exist-db,exist-index-sort,7.0.0-SNAPSHOT,org.apache.mina,mina-core,2.2.5,false,
Gradle,org.exist-db,exist-index-sort,7.0.0-SNAPSHOT,org.apache.directory.api,api-asn1-ber,2.1.7,false,
Gradle,org.exist-db,exist-index-sort,7.0.0-SNAPSHOT,org.apache.directory.api,api-util,2.1.7,false,
Gradle,org.exist-db,exist-index-sort,7.0.0-SNAPSHOT,org.apache.directory.api,api-i18n,2.1.7,false,
Gradle,org.exist-db,exist-index-sort,7.0.0-SNAPSHOT,org.apache.directory.api,api-asn1-api,2.1.7,false,
Gradle,org.exist-db,exist-index-sort,7.0.0-SNAPSHOT,org.apache.servicemix.bundles,org.apache.servicemix.bundles.antlr,2.7.7_5,false,
Gradle,org.exist-db,exist-index-sort,7.0.0-SNAPSHOT,org.apache.commons,commons-collections4,4.4,false,
Gradle,org.exist-db,exist-index-sort,7.0.0-SNAPSHOT,org.eclipse.jetty,jetty-security,11.0.26,false,
Gradle,org.exist-db,exist-index-sort,7.0.0-SNAPSHOT,org.eclipse.jetty,jetty-server,11.0.26,false,
Gradle,org.exist-db,exist-index-sort,7.0.0-SNAPSHOT,org.eclipse.jetty,jetty-http,11.0.26,false,
Gradle,org.exist-db,exist-index-sort,7.0.0-SNAPSHOT,org.eclipse.jetty,jetty-io,11.0.26,false,
Gradle,org.exist-db,exist-index-sort,7.0.0-SNAPSHOT,org.eclipse.jetty,jetty-util,11.0.26,false,
Gradle,org.exist-db,exist-index-sort,7.0.0-SNAPSHOT,org.eclipse.jetty.toolchain,jetty-jakarta-servlet-api,5.0.2,false,
Gradle,org.exist-db,exist-index-sort,7.0.0-SNAPSHOT,com.github.krukow,clj-ds,0.0.4,false,
Gradle,org.exist-db,exist-index-sort,7.0.0-SNAPSHOT,com.siemens.ct.exi,exificient,1.0.7,false,
Gradle,org.exist-db,exist-index-sort,7.0.0-SNAPSHOT,com.siemens.ct.exi,exificient-grammars,1.0.7,false,
Gradle,org.exist-db,exist-index-sort,7.0.0-SNAPSHOT,com.siemens.ct.exi,exificient-core,1.0.7,false,
Gradle,org.exist-db,exist-index-sort,7.0.0-SNAPSHOT,xerces,xercesImpl,2.12.2,false,
Gradle,org.exist-db,exist-index-sort,7.0.0-SNAPSHOT,xmlpull,xmlpull,1.1.3.1,false,
Gradle,org.exist-db,exist-index-sort,7.0.0-SNAPSHOT,javax.activation,activation,1.1.1,false,
Gradle,org.exist-db,exist-index-sort,7.0.0-SNAPSHOT,com.ibm.icu,icu4j,59.2,false,
Gradle,org.exist-db,exist-index-sort,7.0.0-SNAPSHOT,org.relaxng,jing,20241231,false,
Gradle,org.exist-db,exist-index-sort,7.0.0-SNAPSHOT,net.sf.saxon,Saxon-HE,9.9.1-8,false,
Gradle,org.exist-db,exist-index-sort,7.0.0-SNAPSHOT,isorelax,isorelax,20030108,false,
Gradle,org.exist-db,exist-index-sort,7.0.0-SNAPSHOT,org.exist-db,exist-start,7.0.0-SNAPSHOT,false,
Gradle,org.exist-db,exist-index-sort,7.0.0-SNAPSHOT,org.exquery,exquery-common,0.2.1,false,
Gradle,org.exist-db,exist-index-sort,7.0.0-SNAPSHOT,org.bouncycastle,bcprov-jdk18on,1.84,false,
Gradle,org.exist-db,exist-index-sort,7.0.0-SNAPSHOT,at.yawk.lz4,lz4-java,1.11.0,false,
Gradle,org.exist-db,exist-index-sort,7.0.0-SNAPSHOT,com.fasterxml.uuid,java-uuid-generator,5.2.0,false,
Gradle,org.exist-db,exist-index-sort,7.0.0-SNAPSHOT,jakarta.servlet,jakarta.servlet-api,5.0.0,false,
Gradle,org.exist-db,exist-index-sort,7.0.0-SNAPSHOT,org.quartz-scheduler,quartz,2.5.2,false,
Gradle,org.exist-db,exist-index-sort,7.0.0-SNAPSHOT,jakarta.xml.bind,jakarta.xml.bind-api,4.0.5,false,
Gradle,org.exist-db,exist-index-sort,7.0.0-SNAPSHOT,jakarta.activation,jakarta.activation-api,2.1.4,false,
Gradle,org.exist-db,exist-index-sort,7.0.0-SNAPSHOT,org.glassfish.jaxb,jaxb-runtime,4.0.7,false,
Gradle,org.exist-db,exist-index-sort,7.0.0-SNAPSHOT,org.glassfish.jaxb,jaxb-core,4.0.7,false,
Gradle,org.exist-db,exist-index-sort,7.0.0-SNAPSHOT,org.eclipse.angus,angus-activation,2.0.3,false,
Gradle,org.exist-db,exist-index-sort,7.0.0-SNAPSHOT,org.glassfish.jaxb,txw2,4.0.7,false,
Gradle,org.exist-db,exist-index-sort,7.0.0-SNAPSHOT,com.sun.istack,istack-commons-runtime,4.1.2,false,
Gradle,org.exist-db,exist-index-sort,7.0.0-SNAPSHOT,org.exist-db.thirdparty.javax.xml.xquery,xqjri,20080114-133351,false,
Gradle,org.exist-db,exist-index-sort,7.0.0-SNAPSHOT,org.jline,jline,4.0.12,false,
Gradle,org.exist-db,exist-index-sort,7.0.0-SNAPSHOT,net.bytebuddy,byte-buddy,1.18.8,false,
Gradle,org.exist-db,exist-index-sort,7.0.0-SNAPSHOT,se.softhouse,jargo,0.4.14,false,
Gradle,org.exist-db,exist-index-sort,7.0.0-SNAPSHOT,commons-io,commons-io,2.22.0,false,
Gradle,org.exist-db,exist-index-sort,7.0.0-SNAPSHOT,org.apache.commons,commons-pool2,2.13.1,false,
Gradle,org.exist-db,exist-index-sort,7.0.0-SNAPSHOT,org.exist-db.thirdparty.xerces,xercesImpl,2.12.2,false,
Gradle,org.exist-db,exist-index-sort,7.0.0-SNAPSHOT,org.xmlresolver,xmlresolver,6.0.21,false,
Gradle,org.exist-db,exist-index-sort,7.0.0-SNAPSHOT,org.exist-db,exist-saxon-regex,9.4.0-9.e1,false,
Gradle,org.exist-db,exist-index-sort,7.0.0-SNAPSHOT,org.aspectj,aspectjrt,1.9.25.1,false,
Gradle,org.exist-db,exist-index-sort,7.0.0-SNAPSHOT,org.eclipse.jetty,jetty-annotations,11.0.26,false,
Gradle,org.exist-db,exist-index-sort,7.0.0-SNAPSHOT,org.eclipse.jetty,jetty-plus,11.0.26,false,
Gradle,org.exist-db,exist-index-sort,7.0.0-SNAPSHOT,org.eclipse.jetty,jetty-webapp,11.0.26,false,
Gradle,org.exist-db,exist-index-sort,7.0.0-SNAPSHOT,org.eclipse.jetty,jetty-servlet,11.0.26,false,
Gradle,org.exist-db,exist-index-sort,7.0.0-SNAPSHOT,org.eclipse.jetty,jetty-xml,11.0.26,false,
Gradle,org.exist-db,exist-index-sort,7.0.0-SNAPSHOT,org.eclipse.jetty,jetty-jndi,11.0.26,false,
Gradle,org.exist-db,exist-index-sort,7.0.0-SNAPSHOT,jakarta.transaction,jakarta.transaction-api,2.0.0,false,
Gradle,org.exist-db,exist-index-sort,7.0.0-SNAPSHOT,jakarta.annotation,jakarta.annotation-api,2.1.1,false,
Gradle,org.exist-db,exist-index-sort,7.0.0-SNAPSHOT,org.ow2.asm,asm-commons,9.8,false,
Gradle,org.exist-db,exist-index-sort,7.0.0-SNAPSHOT,org.ow2.asm,asm-tree,9.8,false,
Gradle,org.exist-db,exist-index-sort,7.0.0-SNAPSHOT,org.ow2.asm,asm,9.8,false,
Gradle,org.exist-db,exist-index-sort,7.0.0-SNAPSHOT,com.fifesoft,rsyntaxtextarea,3.6.2,false,
Gradle,org.exist-db,exist-index-sort,7.0.0-SNAPSHOT,net.sf.xmldb-org,xmldb-api,2.0.0,false,
Gradle,org.exist-db,exist-index-sort,7.0.0-SNAPSHOT,org.jgrapht,jgrapht-opt,1.5.3,false,
Gradle,org.exist-db,exist-index-sort,7.0.0-SNAPSHOT,it.unimi.dsi,fastutil,8.5.18,false,
Gradle,org.exist-db,exist-index-sort,7.0.0-SNAPSHOT,org.jgrapht,jgrapht-core,1.5.3,false,
Gradle,org.exist-db,exist-index-sort,7.0.0-SNAPSHOT,org.jheaps,jheaps,0.14,false,
Gradle,org.exist-db,exist-index-sort,7.0.0-SNAPSHOT,org.apfloat,apfloat,1.14.0,false,
Gradle,org.exist-db,exist-index-sort,7.0.0-SNAPSHOT,io.lacuna,bifurcan,0.2.0-rc1,false,
Gradle,org.exist-db,exist-index-sort,7.0.0-SNAPSHOT,org.apache.ant,ant,1.10.17,false,
Gradle,org.exist-db,exist-index-sort,7.0.0-SNAPSHOT,org.apache.ant,ant-launcher,1.10.17,false,
Gradle,org.exist-db,exist-index-sort,7.0.0-SNAPSHOT,org.hamcrest,hamcrest,3.0,false,
Gradle,org.exist-db,exist-index-sort,7.0.0-SNAPSHOT,org.xmlunit,xmlunit-core,2.11.0,false,
Gradle,org.exist-db,exist-index-sort,7.0.0-SNAPSHOT,org.fusesource.jansi,jansi,2.4.3,false,
Gradle,org.exist-db,exist-index-sort,7.0.0-SNAPSHOT,org.codelibs,nekohtml,2.1.3,false,
Gradle,org.exist-db,exist-index-sort,7.0.0-SNAPSHOT,xml-resolver,xml-resolver,1.2,false,
Gradle,org.exist-db,exist-index-sort,7.0.0-SNAPSHOT,org.exist-db.thirdparty.org.eclipse.wst.xml,xpath2,1.2.0,false,
Gradle,org.exist-db,exist-index-sort,7.0.0-SNAPSHOT,edu.princeton.cup,java-cup,10k,false,
Gradle,org.exist-db,exist-exiftool,7.0.0-SNAPSHOT,commons-io,commons-io,2.22.0,true,
Gradle,org.exist-db,exist-exiftool,7.0.0-SNAPSHOT,org.apache.logging.log4j,log4j-api,2.25.4,true,
Gradle,org.exist-db,exist-exiftool,7.0.0-SNAPSHOT,org.exist-db,exist-core,7.0.0-SNAPSHOT,true,
Gradle,org.exist-db,exist-exiftool,7.0.0-SNAPSHOT,org.apache.logging.log4j,log4j-slf4j2-impl,2.25.4,false,
Gradle,org.exist-db,exist-exiftool,7.0.0-SNAPSHOT,org.apache.logging.log4j,log4j-core,2.25.4,false,
Gradle,org.exist-db,exist-exiftool,7.0.0-SNAPSHOT,org.slf4j,slf4j-api,2.0.17,false,
Gradle,org.exist-db,exist-exiftool,7.0.0-SNAPSHOT,org.apache.logging.log4j,log4j-jcl,2.25.4,false,
Gradle,org.exist-db,exist-exiftool,7.0.0-SNAPSHOT,commons-logging,commons-logging,1.3.6,false,
Gradle,org.exist-db,exist-exiftool,7.0.0-SNAPSHOT,org.apache.logging.log4j,log4j-jul,2.25.4,false,
Gradle,org.exist-db,exist-exiftool,7.0.0-SNAPSHOT,com.evolvedbinary.j8fu,j8fu,1.24.0,false,
Gradle,org.exist-db,exist-exiftool,7.0.0-SNAPSHOT,net.jcip,jcip-annotations,1.0,false,
Gradle,org.exist-db,exist-exiftool,7.0.0-SNAPSHOT,antlr,antlr,2.7.7,false,
Gradle,org.exist-db,exist-exiftool,7.0.0-SNAPSHOT,org.expath.packaging,pkg-java,2.1.1,false,
Gradle,org.exist-db,exist-exiftool,7.0.0-SNAPSHOT,com.google.code.findbugs,jsr305,3.0.2,false,
Gradle,org.exist-db,exist-exiftool,7.0.0-SNAPSHOT,com.fasterxml.jackson.core,jackson-core,2.21.2,false,
Gradle,org.exist-db,exist-exiftool,7.0.0-SNAPSHOT,com.fasterxml.jackson,jackson-bom,2.21.2,false,
Gradle,org.exist-db,exist-exiftool,7.0.0-SNAPSHOT,com.evolvedbinary.multilock,multilock,1.0.1,false,
Gradle,org.exist-db,exist-exiftool,7.0.0-SNAPSHOT,org.eclipse.jetty,jetty-jaas,11.0.26,false,
Gradle,org.exist-db,exist-exiftool,7.0.0-SNAPSHOT,org.apache.directory.api,api-ldap-model,2.1.7,false,
Gradle,org.exist-db,exist-exiftool,7.0.0-SNAPSHOT,com.github.ben-manes.caffeine,caffeine,3.2.3,false,
Gradle,org.exist-db,exist-exiftool,7.0.0-SNAPSHOT,org.jspecify,jspecify,1.0.0,false,
Gradle,org.exist-db,exist-exiftool,7.0.0-SNAPSHOT,com.google.errorprone,error_prone_annotations,2.43.0,false,
Gradle,org.exist-db,exist-exiftool,7.0.0-SNAPSHOT,commons-codec,commons-codec,1.22.0,false,
Gradle,org.exist-db,exist-exiftool,7.0.0-SNAPSHOT,org.apache.commons,commons-lang3,3.20.0,false,
Gradle,org.exist-db,exist-exiftool,7.0.0-SNAPSHOT,org.apache.mina,mina-core,2.2.5,false,
Gradle,org.exist-db,exist-exiftool,7.0.0-SNAPSHOT,org.apache.directory.api,api-asn1-ber,2.1.7,false,
Gradle,org.exist-db,exist-exiftool,7.0.0-SNAPSHOT,org.apache.directory.api,api-util,2.1.7,false,
Gradle,org.exist-db,exist-exiftool,7.0.0-SNAPSHOT,org.apache.directory.api,api-i18n,2.1.7,false,
Gradle,org.exist-db,exist-exiftool,7.0.0-SNAPSHOT,org.apache.directory.api,api-asn1-api,2.1.7,false,
Gradle,org.exist-db,exist-exiftool,7.0.0-SNAPSHOT,org.apache.servicemix.bundles,org.apache.servicemix.bundles.antlr,2.7.7_5,false,
Gradle,org.exist-db,exist-exiftool,7.0.0-SNAPSHOT,org.apache.commons,commons-collections4,4.4,false,
Gradle,org.exist-db,exist-exiftool,7.0.0-SNAPSHOT,org.eclipse.jetty,jetty-security,11.0.26,false,
Gradle,org.exist-db,exist-exiftool,7.0.0-SNAPSHOT,org.eclipse.jetty,jetty-server,11.0.26,false,
Gradle,org.exist-db,exist-exiftool,7.0.0-SNAPSHOT,org.eclipse.jetty,jetty-http,11.0.26,false,
Gradle,org.exist-db,exist-exiftool,7.0.0-SNAPSHOT,org.eclipse.jetty,jetty-io,11.0.26,false,
Gradle,org.exist-db,exist-exiftool,7.0.0-SNAPSHOT,org.eclipse.jetty,jetty-util,11.0.26,false,
Gradle,org.exist-db,exist-exiftool,7.0.0-SNAPSHOT,org.eclipse.jetty.toolchain,jetty-jakarta-servlet-api,5.0.2,false,
Gradle,org.exist-db,exist-exiftool,7.0.0-SNAPSHOT,com.github.krukow,clj-ds,0.0.4,false,
Gradle,org.exist-db,exist-exiftool,7.0.0-SNAPSHOT,com.siemens.ct.exi,exificient,1.0.7,false,
Gradle,org.exist-db,exist-exiftool,7.0.0-SNAPSHOT,com.siemens.ct.exi,exificient-grammars,1.0.7,false,
Gradle,org.exist-db,exist-exiftool,7.0.0-SNAPSHOT,com.siemens.ct.exi,exificient-core,1.0.7,false,
Gradle,org.exist-db,exist-exiftool,7.0.0-SNAPSHOT,xerces,xercesImpl,2.12.2,false,
Gradle,org.exist-db,exist-exiftool,7.0.0-SNAPSHOT,xmlpull,xmlpull,1.1.3.1,false,
Gradle,org.exist-db,exist-exiftool,7.0.0-SNAPSHOT,javax.activation,activation,1.1.1,false,
Gradle,org.exist-db,exist-exiftool,7.0.0-SNAPSHOT,com.ibm.icu,icu4j,59.2,false,
Gradle,org.exist-db,exist-exiftool,7.0.0-SNAPSHOT,org.relaxng,jing,20241231,false,
Gradle,org.exist-db,exist-exiftool,7.0.0-SNAPSHOT,net.sf.saxon,Saxon-HE,9.9.1-8,false,
Gradle,org.exist-db,exist-exiftool,7.0.0-SNAPSHOT,isorelax,isorelax,20030108,false,
Gradle,org.exist-db,exist-exiftool,7.0.0-SNAPSHOT,org.exist-db,exist-start,7.0.0-SNAPSHOT,false,
Gradle,org.exist-db,exist-exiftool,7.0.0-SNAPSHOT,org.exquery,exquery-common,0.2.1,false,
Gradle,org.exist-db,exist-exiftool,7.0.0-SNAPSHOT,org.bouncycastle,bcprov-jdk18on,1.84,false,
Gradle,org.exist-db,exist-exiftool,7.0.0-SNAPSHOT,at.yawk.lz4,lz4-java,1.11.0,false,
Gradle,org.exist-db,exist-exiftool,7.0.0-SNAPSHOT,com.fasterxml.uuid,java-uuid-generator,5.2.0,false,
Gradle,org.exist-db,exist-exiftool,7.0.0-SNAPSHOT,jakarta.servlet,jakarta.servlet-api,5.0.0,false,
Gradle,org.exist-db,exist-exiftool,7.0.0-SNAPSHOT,org.quartz-scheduler,quartz,2.5.2,false,
Gradle,org.exist-db,exist-exiftool,7.0.0-SNAPSHOT,jakarta.xml.bind,jakarta.xml.bind-api,4.0.5,false,
Gradle,org.exist-db,exist-exiftool,7.0.0-SNAPSHOT,jakarta.activation,jakarta.activation-api,2.1.4,false,
Gradle,org.exist-db,exist-exiftool,7.0.0-SNAPSHOT,org.glassfish.jaxb,jaxb-runtime,4.0.7,false,
Gradle,org.exist-db,exist-exiftool,7.0.0-SNAPSHOT,org.glassfish.jaxb,jaxb-core,4.0.7,false,
Gradle,org.exist-db,exist-exiftool,7.0.0-SNAPSHOT,org.eclipse.angus,angus-activation,2.0.3,false,
Gradle,org.exist-db,exist-exiftool,7.0.0-SNAPSHOT,org.glassfish.jaxb,txw2,4.0.7,false,
Gradle,org.exist-db,exist-exiftool,7.0.0-SNAPSHOT,com.sun.istack,istack-commons-runtime,4.1.2,false,
Gradle,org.exist-db,exist-exiftool,7.0.0-SNAPSHOT,org.exist-db.thirdparty.javax.xml.xquery,xqjri,20080114-133351,false,
Gradle,org.exist-db,exist-exiftool,7.0.0-SNAPSHOT,org.jline,jline,4.0.12,false,
Gradle,org.exist-db,exist-exiftool,7.0.0-SNAPSHOT,net.bytebuddy,byte-buddy,1.18.8,false,
Gradle,org.exist-db,exist-exiftool,7.0.0-SNAPSHOT,se.softhouse,jargo,0.4.14,false,
Gradle,org.exist-db,exist-exiftool,7.0.0-SNAPSHOT,com.evolvedbinary.thirdparty.org.apache.xmlrpc,xmlrpc-server,5.0.0,false,
Gradle,org.exist-db,exist-exiftool,7.0.0-SNAPSHOT,com.evolvedbinary.thirdparty.org.apache.xmlrpc,xmlrpc-common,5.0.0,false,
Gradle,org.exist-db,exist-exiftool,7.0.0-SNAPSHOT,org.apache.ws.commons.util,ws-commons-util,1.0.2,false,
Gradle,org.exist-db,exist-exiftool,7.0.0-SNAPSHOT,junit,junit,4.13.2,false,
Gradle,org.exist-db,exist-exiftool,7.0.0-SNAPSHOT,org.hamcrest,hamcrest-core,1.3,false,
Gradle,org.exist-db,exist-exiftool,7.0.0-SNAPSHOT,org.apache.commons,commons-pool2,2.13.1,false,
Gradle,org.exist-db,exist-exiftool,7.0.0-SNAPSHOT,org.exist-db.thirdparty.xerces,xercesImpl,2.12.2,false,
Gradle,org.exist-db,exist-exiftool,7.0.0-SNAPSHOT,com.evolvedbinary.thirdparty.org.apache.xmlrpc,xmlrpc-client,5.0.0,false,
Gradle,org.exist-db,exist-exiftool,7.0.0-SNAPSHOT,org.xmlresolver,xmlresolver,6.0.21,false,
Gradle,org.exist-db,exist-exiftool,7.0.0-SNAPSHOT,org.exist-db,exist-saxon-regex,9.4.0-9.e1,false,
Gradle,org.exist-db,exist-exiftool,7.0.0-SNAPSHOT,org.aspectj,aspectjrt,1.9.25.1,false,
Gradle,org.exist-db,exist-exiftool,7.0.0-SNAPSHOT,org.eclipse.jetty,jetty-annotations,11.0.26,false,
Gradle,org.exist-db,exist-exiftool,7.0.0-SNAPSHOT,org.eclipse.jetty,jetty-plus,11.0.26,false,
Gradle,org.exist-db,exist-exiftool,7.0.0-SNAPSHOT,org.eclipse.jetty,jetty-webapp,11.0.26,false,
Gradle,org.exist-db,exist-exiftool,7.0.0-SNAPSHOT,org.eclipse.jetty,jetty-servlet,11.0.26,false,
Gradle,org.exist-db,exist-exiftool,7.0.0-SNAPSHOT,org.eclipse.jetty,jetty-xml,11.0.26,false,
Gradle,org.exist-db,exist-exiftool,7.0.0-SNAPSHOT,org.eclipse.jetty,jetty-jndi,11.0.26,false,
Gradle,org.exist-db,exist-exiftool,7.0.0-SNAPSHOT,jakarta.transaction,jakarta.transaction-api,2.0.0,false,
Gradle,org.exist-db,exist-exiftool,7.0.0-SNAPSHOT,jakarta.annotation,jakarta.annotation-api,2.1.1,false,
Gradle,org.exist-db,exist-exiftool,7.0.0-SNAPSHOT,org.ow2.asm,asm-commons,9.8,false,
Gradle,org.exist-db,exist-exiftool,7.0.0-SNAPSHOT,org.ow2.asm,asm-tree,9.8,false,
Gradle,org.exist-db,exist-exiftool,7.0.0-SNAPSHOT,org.ow2.asm,asm,9.8,false,
Gradle,org.exist-db,exist-exiftool,7.0.0-SNAPSHOT,com.fifesoft,rsyntaxtextarea,3.6.2,false,
Gradle,org.exist-db,exist-exiftool,7.0.0-SNAPSHOT,net.sf.xmldb-org,xmldb-api,2.0.0,false,
Gradle,org.exist-db,exist-exiftool,7.0.0-SNAPSHOT,org.jgrapht,jgrapht-opt,1.5.3,false,
Gradle,org.exist-db,exist-exiftool,7.0.0-SNAPSHOT,it.unimi.dsi,fastutil,8.5.18,false,
Gradle,org.exist-db,exist-exiftool,7.0.0-SNAPSHOT,org.jgrapht,jgrapht-core,1.5.3,false,
Gradle,org.exist-db,exist-exiftool,7.0.0-SNAPSHOT,org.jheaps,jheaps,0.14,false,
Gradle,org.exist-db,exist-exiftool,7.0.0-SNAPSHOT,org.apfloat,apfloat,1.14.0,false,
Gradle,org.exist-db,exist-exiftool,7.0.0-SNAPSHOT,io.lacuna,bifurcan,0.2.0-rc1,false,
Gradle,org.exist-db,exist-exiftool,7.0.0-SNAPSHOT,org.apache.ant,ant,1.10.17,false,
Gradle,org.exist-db,exist-exiftool,7.0.0-SNAPSHOT,org.apache.ant,ant-launcher,1.10.17,false,
Gradle,org.exist-db,exist-exiftool,7.0.0-SNAPSHOT,org.hamcrest,hamcrest,3.0,false,
Gradle,org.exist-db,exist-exiftool,7.0.0-SNAPSHOT,org.xmlunit,xmlunit-core,2.11.0,false,
Gradle,org.exist-db,exist-exiftool,7.0.0-SNAPSHOT,org.fusesource.jansi,jansi,2.4.3,false,
Gradle,org.exist-db,exist-exiftool,7.0.0-SNAPSHOT,org.codelibs,nekohtml,2.1.3,false,
Gradle,org.exist-db,exist-exiftool,7.0.0-SNAPSHOT,xml-resolver,xml-resolver,1.2,false,
Gradle,org.exist-db,exist-exiftool,7.0.0-SNAPSHOT,org.exist-db.thirdparty.org.eclipse.wst.xml,xpath2,1.2.0,false,
Gradle,org.exist-db,exist-exiftool,7.0.0-SNAPSHOT,edu.princeton.cup,java-cup,10k,false,
Gradle,org.exist-db,exist-start,7.0.0-SNAPSHOT,org.hamcrest,hamcrest,3.0,true,
Gradle,org.exist-db,exist-start,7.0.0-SNAPSHOT,junit,junit,4.13.2,true,
Gradle,org.exist-db,exist-start,7.0.0-SNAPSHOT,org.hamcrest,hamcrest-core,1.3,false,
Gradle,org.exist-db,exist-process,7.0.0-SNAPSHOT,org.apache.logging.log4j,log4j-api,2.25.4,true,
Gradle,org.exist-db,exist-process,7.0.0-SNAPSHOT,org.exist-db,exist-core,7.0.0-SNAPSHOT,true,
Gradle,org.exist-db,exist-process,7.0.0-SNAPSHOT,org.apache.logging.log4j,log4j-slf4j2-impl,2.25.4,false,
Gradle,org.exist-db,exist-process,7.0.0-SNAPSHOT,org.apache.logging.log4j,log4j-core,2.25.4,false,
Gradle,org.exist-db,exist-process,7.0.0-SNAPSHOT,org.slf4j,slf4j-api,2.0.17,false,
Gradle,org.exist-db,exist-process,7.0.0-SNAPSHOT,org.apache.logging.log4j,log4j-jcl,2.25.4,false,
Gradle,org.exist-db,exist-process,7.0.0-SNAPSHOT,commons-logging,commons-logging,1.3.6,false,
Gradle,org.exist-db,exist-process,7.0.0-SNAPSHOT,org.apache.logging.log4j,log4j-jul,2.25.4,false,
Gradle,org.exist-db,exist-process,7.0.0-SNAPSHOT,antlr,antlr,2.7.7,false,
Gradle,org.exist-db,exist-process,7.0.0-SNAPSHOT,com.evolvedbinary.j8fu,j8fu,1.24.0,false,
Gradle,org.exist-db,exist-process,7.0.0-SNAPSHOT,net.jcip,jcip-annotations,1.0,false,
Gradle,org.exist-db,exist-process,7.0.0-SNAPSHOT,org.expath.packaging,pkg-java,2.1.1,false,
Gradle,org.exist-db,exist-process,7.0.0-SNAPSHOT,com.google.code.findbugs,jsr305,3.0.2,false,
Gradle,org.exist-db,exist-process,7.0.0-SNAPSHOT,com.fasterxml.jackson.core,jackson-core,2.21.2,false,
Gradle,org.exist-db,exist-process,7.0.0-SNAPSHOT,com.fasterxml.jackson,jackson-bom,2.21.2,false,
Gradle,org.exist-db,exist-process,7.0.0-SNAPSHOT,com.evolvedbinary.multilock,multilock,1.0.1,false,
Gradle,org.exist-db,exist-process,7.0.0-SNAPSHOT,org.eclipse.jetty,jetty-jaas,11.0.26,false,
Gradle,org.exist-db,exist-process,7.0.0-SNAPSHOT,org.apache.directory.api,api-ldap-model,2.1.7,false,
Gradle,org.exist-db,exist-process,7.0.0-SNAPSHOT,com.github.ben-manes.caffeine,caffeine,3.2.3,false,
Gradle,org.exist-db,exist-process,7.0.0-SNAPSHOT,org.jspecify,jspecify,1.0.0,false,
Gradle,org.exist-db,exist-process,7.0.0-SNAPSHOT,com.google.errorprone,error_prone_annotations,2.43.0,false,
Gradle,org.exist-db,exist-process,7.0.0-SNAPSHOT,commons-codec,commons-codec,1.22.0,false,
Gradle,org.exist-db,exist-process,7.0.0-SNAPSHOT,org.apache.commons,commons-lang3,3.20.0,false,
Gradle,org.exist-db,exist-process,7.0.0-SNAPSHOT,org.apache.mina,mina-core,2.2.5,false,
Gradle,org.exist-db,exist-process,7.0.0-SNAPSHOT,org.apache.directory.api,api-asn1-ber,2.1.7,false,
Gradle,org.exist-db,exist-process,7.0.0-SNAPSHOT,org.apache.directory.api,api-util,2.1.7,false,
Gradle,org.exist-db,exist-process,7.0.0-SNAPSHOT,org.apache.directory.api,api-i18n,2.1.7,false,
Gradle,org.exist-db,exist-process,7.0.0-SNAPSHOT,org.apache.directory.api,api-asn1-api,2.1.7,false,
Gradle,org.exist-db,exist-process,7.0.0-SNAPSHOT,org.apache.servicemix.bundles,org.apache.servicemix.bundles.antlr,2.7.7_5,false,
Gradle,org.exist-db,exist-process,7.0.0-SNAPSHOT,org.apache.commons,commons-collections4,4.4,false,
Gradle,org.exist-db,exist-process,7.0.0-SNAPSHOT,org.eclipse.jetty,jetty-security,11.0.26,false,
Gradle,org.exist-db,exist-process,7.0.0-SNAPSHOT,org.eclipse.jetty,jetty-server,11.0.26,false,
Gradle,org.exist-db,exist-process,7.0.0-SNAPSHOT,org.eclipse.jetty,jetty-http,11.0.26,false,
Gradle,org.exist-db,exist-process,7.0.0-SNAPSHOT,org.eclipse.jetty,jetty-io,11.0.26,false,
Gradle,org.exist-db,exist-process,7.0.0-SNAPSHOT,org.eclipse.jetty,jetty-util,11.0.26,false,
Gradle,org.exist-db,exist-process,7.0.0-SNAPSHOT,org.eclipse.jetty.toolchain,jetty-jakarta-servlet-api,5.0.2,false,
Gradle,org.exist-db,exist-process,7.0.0-SNAPSHOT,com.github.krukow,clj-ds,0.0.4,false,
Gradle,org.exist-db,exist-process,7.0.0-SNAPSHOT,com.siemens.ct.exi,exificient,1.0.7,false,
Gradle,org.exist-db,exist-process,7.0.0-SNAPSHOT,com.siemens.ct.exi,exificient-grammars,1.0.7,false,
Gradle,org.exist-db,exist-process,7.0.0-SNAPSHOT,com.siemens.ct.exi,exificient-core,1.0.7,false,
Gradle,org.exist-db,exist-process,7.0.0-SNAPSHOT,xerces,xercesImpl,2.12.2,false,
Gradle,org.exist-db,exist-process,7.0.0-SNAPSHOT,xmlpull,xmlpull,1.1.3.1,false,
Gradle,org.exist-db,exist-process,7.0.0-SNAPSHOT,javax.activation,activation,1.1.1,false,
Gradle,org.exist-db,exist-process,7.0.0-SNAPSHOT,com.ibm.icu,icu4j,59.2,false,
Gradle,org.exist-db,exist-process,7.0.0-SNAPSHOT,org.relaxng,jing,20241231,false,
Gradle,org.exist-db,exist-process,7.0.0-SNAPSHOT,net.sf.saxon,Saxon-HE,9.9.1-8,false,
Gradle,org.exist-db,exist-process,7.0.0-SNAPSHOT,isorelax,isorelax,20030108,false,
Gradle,org.exist-db,exist-process,7.0.0-SNAPSHOT,org.exist-db,exist-start,7.0.0-SNAPSHOT,false,
Gradle,org.exist-db,exist-process,7.0.0-SNAPSHOT,org.exquery,exquery-common,0.2.1,false,
Gradle,org.exist-db,exist-process,7.0.0-SNAPSHOT,org.bouncycastle,bcprov-jdk18on,1.84,false,
Gradle,org.exist-db,exist-process,7.0.0-SNAPSHOT,at.yawk.lz4,lz4-java,1.11.0,false,
Gradle,org.exist-db,exist-process,7.0.0-SNAPSHOT,com.fasterxml.uuid,java-uuid-generator,5.2.0,false,
Gradle,org.exist-db,exist-process,7.0.0-SNAPSHOT,jakarta.servlet,jakarta.servlet-api,5.0.0,false,
Gradle,org.exist-db,exist-process,7.0.0-SNAPSHOT,org.quartz-scheduler,quartz,2.5.2,false,
Gradle,org.exist-db,exist-process,7.0.0-SNAPSHOT,jakarta.xml.bind,jakarta.xml.bind-api,4.0.5,false,
Gradle,org.exist-db,exist-process,7.0.0-SNAPSHOT,jakarta.activation,jakarta.activation-api,2.1.4,false,
Gradle,org.exist-db,exist-process,7.0.0-SNAPSHOT,org.glassfish.jaxb,jaxb-runtime,4.0.7,false,
Gradle,org.exist-db,exist-process,7.0.0-SNAPSHOT,org.glassfish.jaxb,jaxb-core,4.0.7,false,
Gradle,org.exist-db,exist-process,7.0.0-SNAPSHOT,org.eclipse.angus,angus-activation,2.0.3,false,
Gradle,org.exist-db,exist-process,7.0.0-SNAPSHOT,org.glassfish.jaxb,txw2,4.0.7,false,
Gradle,org.exist-db,exist-process,7.0.0-SNAPSHOT,com.sun.istack,istack-commons-runtime,4.1.2,false,
Gradle,org.exist-db,exist-process,7.0.0-SNAPSHOT,org.exist-db.thirdparty.javax.xml.xquery,xqjri,20080114-133351,false,
Gradle,org.exist-db,exist-process,7.0.0-SNAPSHOT,org.jline,jline,4.0.12,false,
Gradle,org.exist-db,exist-process,7.0.0-SNAPSHOT,net.bytebuddy,byte-buddy,1.18.8,false,
Gradle,org.exist-db,exist-process,7.0.0-SNAPSHOT,se.softhouse,jargo,0.4.14,false,
Gradle,org.exist-db,exist-process,7.0.0-SNAPSHOT,commons-io,commons-io,2.22.0,false,
Gradle,org.exist-db,exist-process,7.0.0-SNAPSHOT,com.evolvedbinary.thirdparty.org.apache.xmlrpc,xmlrpc-server,5.0.0,false,
Gradle,org.exist-db,exist-process,7.0.0-SNAPSHOT,com.evolvedbinary.thirdparty.org.apache.xmlrpc,xmlrpc-common,5.0.0,false,
Gradle,org.exist-db,exist-process,7.0.0-SNAPSHOT,org.apache.ws.commons.util,ws-commons-util,1.0.2,false,
Gradle,org.exist-db,exist-process,7.0.0-SNAPSHOT,junit,junit,4.13.2,false,
Gradle,org.exist-db,exist-process,7.0.0-SNAPSHOT,org.hamcrest,hamcrest-core,1.3,false,
Gradle,org.exist-db,exist-process,7.0.0-SNAPSHOT,org.apache.commons,commons-pool2,2.13.1,false,
Gradle,org.exist-db,exist-process,7.0.0-SNAPSHOT,org.exist-db.thirdparty.xerces,xercesImpl,2.12.2,false,
Gradle,org.exist-db,exist-process,7.0.0-SNAPSHOT,com.evolvedbinary.thirdparty.org.apache.xmlrpc,xmlrpc-client,5.0.0,false,
Gradle,org.exist-db,exist-process,7.0.0-SNAPSHOT,org.xmlresolver,xmlresolver,6.0.21,false,
Gradle,org.exist-db,exist-process,7.0.0-SNAPSHOT,org.exist-db,exist-saxon-regex,9.4.0-9.e1,false,
Gradle,org.exist-db,exist-process,7.0.0-SNAPSHOT,org.aspectj,aspectjrt,1.9.25.1,false,
Gradle,org.exist-db,exist-process,7.0.0-SNAPSHOT,org.eclipse.jetty,jetty-annotations,11.0.26,false,
Gradle,org.exist-db,exist-process,7.0.0-SNAPSHOT,org.eclipse.jetty,jetty-plus,11.0.26,false,
Gradle,org.exist-db,exist-process,7.0.0-SNAPSHOT,org.eclipse.jetty,jetty-webapp,11.0.26,false,
Gradle,org.exist-db,exist-process,7.0.0-SNAPSHOT,org.eclipse.jetty,jetty-servlet,11.0.26,false,
Gradle,org.exist-db,exist-process,7.0.0-SNAPSHOT,org.eclipse.jetty,jetty-xml,11.0.26,false,
Gradle,org.exist-db,exist-process,7.0.0-SNAPSHOT,org.eclipse.jetty,jetty-jndi,11.0.26,false,
Gradle,org.exist-db,exist-process,7.0.0-SNAPSHOT,jakarta.transaction,jakarta.transaction-api,2.0.0,false,
Gradle,org.exist-db,exist-process,7.0.0-SNAPSHOT,jakarta.annotation,jakarta.annotation-api,2.1.1,false,
Gradle,org.exist-db,exist-process,7.0.0-SNAPSHOT,org.ow2.asm,asm-commons,9.8,false,
Gradle,org.exist-db,exist-process,7.0.0-SNAPSHOT,org.ow2.asm,asm-tree,9.8,false,
Gradle,org.exist-db,exist-process,7.0.0-SNAPSHOT,org.ow2.asm,asm,9.8,false,
Gradle,org.exist-db,exist-process,7.0.0-SNAPSHOT,com.fifesoft,rsyntaxtextarea,3.6.2,false,
Gradle,org.exist-db,exist-process,7.0.0-SNAPSHOT,net.sf.xmldb-org,xmldb-api,2.0.0,false,
Gradle,org.exist-db,exist-process,7.0.0-SNAPSHOT,org.jgrapht,jgrapht-opt,1.5.3,false,
Gradle,org.exist-db,exist-process,7.0.0-SNAPSHOT,it.unimi.dsi,fastutil,8.5.18,false,
Gradle,org.exist-db,exist-process,7.0.0-SNAPSHOT,org.jgrapht,jgrapht-core,1.5.3,false,
Gradle,org.exist-db,exist-process,7.0.0-SNAPSHOT,org.jheaps,jheaps,0.14,false,
Gradle,org.exist-db,exist-process,7.0.0-SNAPSHOT,org.apfloat,apfloat,1.14.0,false,
Gradle,org.exist-db,exist-process,7.0.0-SNAPSHOT,io.lacuna,bifurcan,0.2.0-rc1,false,
Gradle,org.exist-db,exist-process,7.0.0-SNAPSHOT,org.apache.ant,ant,1.10.17,false,
Gradle,org.exist-db,exist-process,7.0.0-SNAPSHOT,org.apache.ant,ant-launcher,1.10.17,false,
Gradle,org.exist-db,exist-process,7.0.0-SNAPSHOT,org.hamcrest,hamcrest,3.0,false,
Gradle,org.exist-db,exist-process,7.0.0-SNAPSHOT,org.xmlunit,xmlunit-core,2.11.0,false,
Gradle,org.exist-db,exist-process,7.0.0-SNAPSHOT,org.fusesource.jansi,jansi,2.4.3,false,
Gradle,org.exist-db,exist-process,7.0.0-SNAPSHOT,org.codelibs,nekohtml,2.1.3,false,
Gradle,org.exist-db,exist-process,7.0.0-SNAPSHOT,xml-resolver,xml-resolver,1.2,false,
Gradle,org.exist-db,exist-process,7.0.0-SNAPSHOT,org.exist-db.thirdparty.org.eclipse.wst.xml,xpath2,1.2.0,false,
Gradle,org.exist-db,exist-process,7.0.0-SNAPSHOT,edu.princeton.cup,java-cup,10k,false,
Gradle,org.exist-db,exist-index-range,7.0.0-SNAPSHOT,org.exist-db,exist-index-lucene,7.0.0-SNAPSHOT,true,
Gradle,org.exist-db,exist-index-range,7.0.0-SNAPSHOT,org.exist-db,exist-vector,7.0.0-SNAPSHOT,false,
Gradle,org.exist-db,exist-index-range,7.0.0-SNAPSHOT,org.exist-db,exist-core,7.0.0-SNAPSHOT,false,
Gradle,org.exist-db,exist-index-range,7.0.0-SNAPSHOT,org.apache.logging.log4j,log4j-slf4j2-impl,2.25.4,false,
Gradle,org.exist-db,exist-index-range,7.0.0-SNAPSHOT,org.apache.logging.log4j,log4j-core,2.25.4,false,
Gradle,org.exist-db,exist-index-range,7.0.0-SNAPSHOT,org.apache.logging.log4j,log4j-api,2.25.4,false,
Gradle,org.exist-db,exist-index-range,7.0.0-SNAPSHOT,org.slf4j,slf4j-api,2.0.17,false,
Gradle,org.exist-db,exist-index-range,7.0.0-SNAPSHOT,org.apache.logging.log4j,log4j-jcl,2.25.4,false,
Gradle,org.exist-db,exist-index-range,7.0.0-SNAPSHOT,commons-logging,commons-logging,1.3.6,false,
Gradle,org.exist-db,exist-index-range,7.0.0-SNAPSHOT,org.apache.logging.log4j,log4j-jul,2.25.4,false,
Gradle,org.exist-db,exist-index-range,7.0.0-SNAPSHOT,com.ibm.icu,icu4j,77.1,false,
Gradle,org.exist-db,exist-index-range,7.0.0-SNAPSHOT,com.evolvedbinary.multilock,multilock,1.0.1,false,
Gradle,org.exist-db,exist-index-range,7.0.0-SNAPSHOT,com.google.code.findbugs,jsr305,3.0.2,false,
Gradle,org.exist-db,exist-index-range,7.0.0-SNAPSHOT,org.expath.packaging,pkg-java,2.1.1,false,
Gradle,org.exist-db,exist-index-range,7.0.0-SNAPSHOT,net.jcip,jcip-annotations,1.0,false,
Gradle,org.exist-db,exist-index-range,7.0.0-SNAPSHOT,com.evolvedbinary.thirdparty.org.apache.xmlrpc,xmlrpc-client,5.0.0,false,
Gradle,org.exist-db,exist-index-range,7.0.0-SNAPSHOT,com.evolvedbinary.thirdparty.org.apache.xmlrpc,xmlrpc-common,5.0.0,false,
Gradle,org.exist-db,exist-index-range,7.0.0-SNAPSHOT,org.apache.ws.commons.util,ws-commons-util,1.0.2,false,
Gradle,org.exist-db,exist-index-range,7.0.0-SNAPSHOT,junit,junit,4.13.2,false,
Gradle,org.exist-db,exist-index-range,7.0.0-SNAPSHOT,org.hamcrest,hamcrest-core,1.3,false,
Gradle,org.exist-db,exist-index-range,7.0.0-SNAPSHOT,com.evolvedbinary.thirdparty.org.apache.xmlrpc,xmlrpc-server,5.0.0,false,
Gradle,org.exist-db,exist-index-range,7.0.0-SNAPSHOT,antlr,antlr,2.7.7,false,
Gradle,org.exist-db,exist-index-range,7.0.0-SNAPSHOT,com.evolvedbinary.j8fu,j8fu,1.24.0,false,
Gradle,org.exist-db,exist-index-range,7.0.0-SNAPSHOT,com.fasterxml.jackson.core,jackson-core,2.21.2,false,
Gradle,org.exist-db,exist-index-range,7.0.0-SNAPSHOT,com.fasterxml.jackson,jackson-bom,2.21.2,false,
Gradle,org.exist-db,exist-index-range,7.0.0-SNAPSHOT,org.eclipse.jetty,jetty-jaas,11.0.26,false,
Gradle,org.exist-db,exist-index-range,7.0.0-SNAPSHOT,org.apache.directory.api,api-ldap-model,2.1.7,false,
Gradle,org.exist-db,exist-index-range,7.0.0-SNAPSHOT,com.github.ben-manes.caffeine,caffeine,3.2.3,false,
Gradle,org.exist-db,exist-index-range,7.0.0-SNAPSHOT,org.jspecify,jspecify,1.0.0,false,
Gradle,org.exist-db,exist-index-range,7.0.0-SNAPSHOT,com.google.errorprone,error_prone_annotations,2.43.0,false,
Gradle,org.exist-db,exist-index-range,7.0.0-SNAPSHOT,commons-codec,commons-codec,1.22.0,false,
Gradle,org.exist-db,exist-index-range,7.0.0-SNAPSHOT,org.apache.commons,commons-lang3,3.20.0,false,
Gradle,org.exist-db,exist-index-range,7.0.0-SNAPSHOT,org.apache.mina,mina-core,2.2.5,false,
Gradle,org.exist-db,exist-index-range,7.0.0-SNAPSHOT,org.apache.commons,commons-collections4,4.5.0,false,
Gradle,org.exist-db,exist-index-range,7.0.0-SNAPSHOT,org.apache.directory.api,api-asn1-ber,2.1.7,false,
Gradle,org.exist-db,exist-index-range,7.0.0-SNAPSHOT,org.apache.directory.api,api-util,2.1.7,false,
Gradle,org.exist-db,exist-index-range,7.0.0-SNAPSHOT,org.apache.directory.api,api-i18n,2.1.7,false,
Gradle,org.exist-db,exist-index-range,7.0.0-SNAPSHOT,org.apache.directory.api,api-asn1-api,2.1.7,false,
Gradle,org.exist-db,exist-index-range,7.0.0-SNAPSHOT,org.apache.servicemix.bundles,org.apache.servicemix.bundles.antlr,2.7.7_5,false,
Gradle,org.exist-db,exist-index-range,7.0.0-SNAPSHOT,org.eclipse.jetty,jetty-security,11.0.26,false,
Gradle,org.exist-db,exist-index-range,7.0.0-SNAPSHOT,org.eclipse.jetty,jetty-server,11.0.26,false,
Gradle,org.exist-db,exist-index-range,7.0.0-SNAPSHOT,org.eclipse.jetty,jetty-http,11.0.26,false,
Gradle,org.exist-db,exist-index-range,7.0.0-SNAPSHOT,org.eclipse.jetty,jetty-io,11.0.26,false,
Gradle,org.exist-db,exist-index-range,7.0.0-SNAPSHOT,org.eclipse.jetty,jetty-util,11.0.26,false,
Gradle,org.exist-db,exist-index-range,7.0.0-SNAPSHOT,org.eclipse.jetty.toolchain,jetty-jakarta-servlet-api,5.0.2,false,
Gradle,org.exist-db,exist-index-range,7.0.0-SNAPSHOT,com.github.krukow,clj-ds,0.0.4,false,
Gradle,org.exist-db,exist-index-range,7.0.0-SNAPSHOT,com.siemens.ct.exi,exificient,1.0.7,false,
Gradle,org.exist-db,exist-index-range,7.0.0-SNAPSHOT,com.siemens.ct.exi,exificient-grammars,1.0.7,false,
Gradle,org.exist-db,exist-index-range,7.0.0-SNAPSHOT,com.siemens.ct.exi,exificient-core,1.0.7,false,
Gradle,org.exist-db,exist-index-range,7.0.0-SNAPSHOT,xerces,xercesImpl,2.12.2,false,
Gradle,org.exist-db,exist-index-range,7.0.0-SNAPSHOT,xmlpull,xmlpull,1.1.3.1,false,
Gradle,org.exist-db,exist-index-range,7.0.0-SNAPSHOT,javax.activation,activation,1.1.1,false,
Gradle,org.exist-db,exist-index-range,7.0.0-SNAPSHOT,org.relaxng,jing,20241231,false,
Gradle,org.exist-db,exist-index-range,7.0.0-SNAPSHOT,net.sf.saxon,Saxon-HE,9.9.1-8,false,
Gradle,org.exist-db,exist-index-range,7.0.0-SNAPSHOT,isorelax,isorelax,20030108,false,
Gradle,org.exist-db,exist-index-range,7.0.0-SNAPSHOT,org.exist-db,exist-start,7.0.0-SNAPSHOT,false,
Gradle,org.exist-db,exist-index-range,7.0.0-SNAPSHOT,org.exquery,exquery-common,0.2.1,false,
Gradle,org.exist-db,exist-index-range,7.0.0-SNAPSHOT,org.bouncycastle,bcprov-jdk18on,1.84,false,
Gradle,org.exist-db,exist-index-range,7.0.0-SNAPSHOT,at.yawk.lz4,lz4-java,1.11.0,false,
Gradle,org.exist-db,exist-index-range,7.0.0-SNAPSHOT,com.fasterxml.uuid,java-uuid-generator,5.2.0,false,
Gradle,org.exist-db,exist-index-range,7.0.0-SNAPSHOT,jakarta.servlet,jakarta.servlet-api,5.0.0,false,
Gradle,org.exist-db,exist-index-range,7.0.0-SNAPSHOT,org.quartz-scheduler,quartz,2.5.2,false,
Gradle,org.exist-db,exist-index-range,7.0.0-SNAPSHOT,jakarta.xml.bind,jakarta.xml.bind-api,4.0.5,false,
Gradle,org.exist-db,exist-index-range,7.0.0-SNAPSHOT,jakarta.activation,jakarta.activation-api,2.1.4,false,
Gradle,org.exist-db,exist-index-range,7.0.0-SNAPSHOT,org.glassfish.jaxb,jaxb-runtime,4.0.7,false,
Gradle,org.exist-db,exist-index-range,7.0.0-SNAPSHOT,org.glassfish.jaxb,jaxb-core,4.0.7,false,
Gradle,org.exist-db,exist-index-range,7.0.0-SNAPSHOT,org.eclipse.angus,angus-activation,2.0.3,false,
Gradle,org.exist-db,exist-index-range,7.0.0-SNAPSHOT,org.glassfish.jaxb,txw2,4.0.7,false,
Gradle,org.exist-db,exist-index-range,7.0.0-SNAPSHOT,com.sun.istack,istack-commons-runtime,4.1.2,false,
Gradle,org.exist-db,exist-index-range,7.0.0-SNAPSHOT,org.exist-db.thirdparty.javax.xml.xquery,xqjri,20080114-133351,false,
Gradle,org.exist-db,exist-index-range,7.0.0-SNAPSHOT,org.jline,jline,4.0.12,false,
Gradle,org.exist-db,exist-index-range,7.0.0-SNAPSHOT,net.bytebuddy,byte-buddy,1.18.8,false,
Gradle,org.exist-db,exist-index-range,7.0.0-SNAPSHOT,se.softhouse,jargo,0.4.14,false,
Gradle,org.exist-db,exist-index-range,7.0.0-SNAPSHOT,commons-io,commons-io,2.22.0,false,
Gradle,org.exist-db,exist-index-range,7.0.0-SNAPSHOT,org.apache.commons,commons-pool2,2.13.1,false,
Gradle,org.exist-db,exist-index-range,7.0.0-SNAPSHOT,org.exist-db.thirdparty.xerces,xercesImpl,2.12.2,false,
Gradle,org.exist-db,exist-index-range,7.0.0-SNAPSHOT,org.xmlresolver,xmlresolver,6.0.21,false,
Gradle,org.exist-db,exist-index-range,7.0.0-SNAPSHOT,org.exist-db,exist-saxon-regex,9.4.0-9.e1,false,
Gradle,org.exist-db,exist-index-range,7.0.0-SNAPSHOT,org.aspectj,aspectjrt,1.9.25.1,false,
Gradle,org.exist-db,exist-index-range,7.0.0-SNAPSHOT,org.eclipse.jetty,jetty-annotations,11.0.26,false,
Gradle,org.exist-db,exist-index-range,7.0.0-SNAPSHOT,org.eclipse.jetty,jetty-plus,11.0.26,false,
Gradle,org.exist-db,exist-index-range,7.0.0-SNAPSHOT,org.eclipse.jetty,jetty-webapp,11.0.26,false,
Gradle,org.exist-db,exist-index-range,7.0.0-SNAPSHOT,org.eclipse.jetty,jetty-servlet,11.0.26,false,
Gradle,org.exist-db,exist-index-range,7.0.0-SNAPSHOT,org.eclipse.jetty,jetty-xml,11.0.26,false,
Gradle,org.exist-db,exist-index-range,7.0.0-SNAPSHOT,org.eclipse.jetty,jetty-jndi,11.0.26,false,
Gradle,org.exist-db,exist-index-range,7.0.0-SNAPSHOT,jakarta.transaction,jakarta.transaction-api,2.0.0,false,
Gradle,org.exist-db,exist-index-range,7.0.0-SNAPSHOT,org.ow2.asm,asm-commons,9.8,false,
Gradle,org.exist-db,exist-index-range,7.0.0-SNAPSHOT,org.ow2.asm,asm-tree,9.8,false,
Gradle,org.exist-db,exist-index-range,7.0.0-SNAPSHOT,org.ow2.asm,asm,9.8,false,
Gradle,org.exist-db,exist-index-range,7.0.0-SNAPSHOT,jakarta.annotation,jakarta.annotation-api,2.1.1,false,
Gradle,org.exist-db,exist-index-range,7.0.0-SNAPSHOT,com.fifesoft,rsyntaxtextarea,3.6.2,false,
Gradle,org.exist-db,exist-index-range,7.0.0-SNAPSHOT,net.sf.xmldb-org,xmldb-api,2.0.0,false,
Gradle,org.exist-db,exist-index-range,7.0.0-SNAPSHOT,org.jgrapht,jgrapht-opt,1.5.3,false,
Gradle,org.exist-db,exist-index-range,7.0.0-SNAPSHOT,it.unimi.dsi,fastutil,8.5.18,false,
Gradle,org.exist-db,exist-index-range,7.0.0-SNAPSHOT,org.jgrapht,jgrapht-core,1.5.3,false,
Gradle,org.exist-db,exist-index-range,7.0.0-SNAPSHOT,org.jheaps,jheaps,0.14,false,
Gradle,org.exist-db,exist-index-range,7.0.0-SNAPSHOT,org.apfloat,apfloat,1.14.0,false,
Gradle,org.exist-db,exist-index-range,7.0.0-SNAPSHOT,io.lacuna,bifurcan,0.2.0-rc1,false,
Gradle,org.exist-db,exist-index-range,7.0.0-SNAPSHOT,org.apache.ant,ant,1.10.17,false,
Gradle,org.exist-db,exist-index-range,7.0.0-SNAPSHOT,org.apache.ant,ant-launcher,1.10.17,false,
Gradle,org.exist-db,exist-index-range,7.0.0-SNAPSHOT,org.hamcrest,hamcrest,3.0,false,
Gradle,org.exist-db,exist-index-range,7.0.0-SNAPSHOT,org.xmlunit,xmlunit-core,2.11.0,false,
Gradle,org.exist-db,exist-index-range,7.0.0-SNAPSHOT,org.fusesource.jansi,jansi,2.4.3,false,
Gradle,org.exist-db,exist-index-range,7.0.0-SNAPSHOT,org.codelibs,nekohtml,2.1.3,false,
Gradle,org.exist-db,exist-index-range,7.0.0-SNAPSHOT,xml-resolver,xml-resolver,1.2,false,
Gradle,org.exist-db,exist-index-range,7.0.0-SNAPSHOT,org.exist-db.thirdparty.org.eclipse.wst.xml,xpath2,1.2.0,false,
Gradle,org.exist-db,exist-index-range,7.0.0-SNAPSHOT,edu.princeton.cup,java-cup,10k,false,
Gradle,org.exist-db,exist-index-range,7.0.0-SNAPSHOT,com.fasterxml.jackson.core,jackson-databind,2.21.2,false,
Gradle,org.exist-db,exist-index-range,7.0.0-SNAPSHOT,com.fasterxml.jackson.core,jackson-annotations,2.21,false,
Gradle,org.exist-db,exist-index-range,7.0.0-SNAPSHOT,ai.djl.huggingface,tokenizers,0.36.0,false,
Gradle,org.exist-db,exist-index-range,7.0.0-SNAPSHOT,ai.djl,api,0.36.0,false,
Gradle,org.exist-db,exist-index-range,7.0.0-SNAPSHOT,org.apache.commons,commons-compress,1.27.1,false,
Gradle,org.exist-db,exist-index-range,7.0.0-SNAPSHOT,com.google.code.gson,gson,2.13.1,false,
Gradle,org.exist-db,exist-index-range,7.0.0-SNAPSHOT,net.java.dev.jna,jna,5.17.0,false,
Gradle,org.exist-db,exist-index-range,7.0.0-SNAPSHOT,com.microsoft.onnxruntime,onnxruntime,1.25.0,false,
Gradle,org.exist-db,exist-index-range,7.0.0-SNAPSHOT,org.apache.lucene,lucene-analysis-icu,10.4.0,false,
Gradle,org.exist-db,exist-index-range,7.0.0-SNAPSHOT,org.apache.lucene,lucene-analysis-common,10.4.0,false,
Gradle,org.exist-db,exist-index-range,7.0.0-SNAPSHOT,org.apache.lucene,lucene-core,10.4.0,false,
Gradle,org.exist-db,exist-index-range,7.0.0-SNAPSHOT,org.apache.lucene,lucene-queryparser,10.4.0,false,
Gradle,org.exist-db,exist-index-range,7.0.0-SNAPSHOT,org.apache.lucene,lucene-sandbox,10.4.0,false,
Gradle,org.exist-db,exist-index-range,7.0.0-SNAPSHOT,org.apache.lucene,lucene-facet,10.4.0,false,
Gradle,org.exist-db,exist-index-range,7.0.0-SNAPSHOT,org.apache.lucene,lucene-queries,10.4.0,false,
Gradle,org.exist-db,exist-index-range,7.0.0-SNAPSHOT,org.easymock,easymock,5.6.0,true,
Gradle,org.exist-db,exist-index-range,7.0.0-SNAPSHOT,org.objenesis,objenesis,3.4,false,
Gradle,org.exist-db,exist-index-range,7.0.0-SNAPSHOT,io.github.hakky54,logcaptor,2.12.6,true,
Gradle,org.exist-db,exist-index-range,7.0.0-SNAPSHOT,org.apache.logging.log4j,log4j-to-slf4j,2.25.3,false,
Gradle,org.exist-db,exist-index-range,7.0.0-SNAPSHOT,ch.qos.logback,logback-classic,1.3.15,false,
Gradle,org.exist-db,exist-index-range,7.0.0-SNAPSHOT,ch.qos.logback,logback-core,1.5.32,false,
Gradle,org.exist-db,exist-index-range,7.0.0-SNAPSHOT,org.slf4j,jul-to-slf4j,2.0.17,false,
Gradle,org.exist-db,exist-core-jmh,7.0.0-SNAPSHOT,org.openjdk.jmh,jmh-core,1.37,true,
Gradle,org.exist-db,exist-core-jmh,7.0.0-SNAPSHOT,net.sf.jopt-simple,jopt-simple,5.0.4,false,
Gradle,org.exist-db,exist-core-jmh,7.0.0-SNAPSHOT,org.apache.commons,commons-math3,3.6.1,false,
Gradle,org.exist-db,exist-core-jmh,7.0.0-SNAPSHOT,org.exist-db,exist-core,7.0.0-SNAPSHOT,true,
Gradle,org.exist-db,exist-core-jmh,7.0.0-SNAPSHOT,antlr,antlr,2.7.7,false,
Gradle,org.exist-db,exist-core-jmh,7.0.0-SNAPSHOT,com.evolvedbinary.j8fu,j8fu,1.24.0,false,
Gradle,org.exist-db,exist-core-jmh,7.0.0-SNAPSHOT,net.jcip,jcip-annotations,1.0,false,
Gradle,org.exist-db,exist-core-jmh,7.0.0-SNAPSHOT,org.expath.packaging,pkg-java,2.1.1,false,
Gradle,org.exist-db,exist-core-jmh,7.0.0-SNAPSHOT,com.google.code.findbugs,jsr305,3.0.2,false,
Gradle,org.exist-db,exist-core-jmh,7.0.0-SNAPSHOT,org.slf4j,slf4j-api,2.0.17,false,
Gradle,org.exist-db,exist-core-jmh,7.0.0-SNAPSHOT,com.fasterxml.jackson.core,jackson-core,2.21.2,false,
Gradle,org.exist-db,exist-core-jmh,7.0.0-SNAPSHOT,com.fasterxml.jackson,jackson-bom,2.21.2,false,
Gradle,org.exist-db,exist-core-jmh,7.0.0-SNAPSHOT,com.evolvedbinary.multilock,multilock,1.0.1,false,
Gradle,org.exist-db,exist-core-jmh,7.0.0-SNAPSHOT,org.eclipse.jetty,jetty-jaas,11.0.26,false,
Gradle,org.exist-db,exist-core-jmh,7.0.0-SNAPSHOT,org.apache.directory.api,api-ldap-model,2.1.7,false,
Gradle,org.exist-db,exist-core-jmh,7.0.0-SNAPSHOT,com.github.ben-manes.caffeine,caffeine,3.2.3,false,
Gradle,org.exist-db,exist-core-jmh,7.0.0-SNAPSHOT,org.jspecify,jspecify,1.0.0,false,
Gradle,org.exist-db,exist-core-jmh,7.0.0-SNAPSHOT,com.google.errorprone,error_prone_annotations,2.43.0,false,
Gradle,org.exist-db,exist-core-jmh,7.0.0-SNAPSHOT,commons-codec,commons-codec,1.22.0,false,
Gradle,org.exist-db,exist-core-jmh,7.0.0-SNAPSHOT,org.apache.commons,commons-lang3,3.20.0,false,
Gradle,org.exist-db,exist-core-jmh,7.0.0-SNAPSHOT,org.apache.mina,mina-core,2.2.5,false,
Gradle,org.exist-db,exist-core-jmh,7.0.0-SNAPSHOT,org.apache.directory.api,api-asn1-ber,2.1.7,false,
Gradle,org.exist-db,exist-core-jmh,7.0.0-SNAPSHOT,org.apache.directory.api,api-util,2.1.7,false,
Gradle,org.exist-db,exist-core-jmh,7.0.0-SNAPSHOT,org.apache.directory.api,api-i18n,2.1.7,false,
Gradle,org.exist-db,exist-core-jmh,7.0.0-SNAPSHOT,org.apache.directory.api,api-asn1-api,2.1.7,false,
Gradle,org.exist-db,exist-core-jmh,7.0.0-SNAPSHOT,org.apache.servicemix.bundles,org.apache.servicemix.bundles.antlr,2.7.7_5,false,
Gradle,org.exist-db,exist-core-jmh,7.0.0-SNAPSHOT,org.apache.commons,commons-collections4,4.4,false,
Gradle,org.exist-db,exist-core-jmh,7.0.0-SNAPSHOT,org.eclipse.jetty,jetty-security,11.0.26,false,
Gradle,org.exist-db,exist-core-jmh,7.0.0-SNAPSHOT,org.eclipse.jetty,jetty-server,11.0.26,false,
Gradle,org.exist-db,exist-core-jmh,7.0.0-SNAPSHOT,org.eclipse.jetty,jetty-http,11.0.26,false,
Gradle,org.exist-db,exist-core-jmh,7.0.0-SNAPSHOT,org.eclipse.jetty,jetty-io,11.0.26,false,
Gradle,org.exist-db,exist-core-jmh,7.0.0-SNAPSHOT,org.eclipse.jetty,jetty-util,11.0.26,false,
Gradle,org.exist-db,exist-core-jmh,7.0.0-SNAPSHOT,org.eclipse.jetty.toolchain,jetty-jakarta-servlet-api,5.0.2,false,
Gradle,org.exist-db,exist-core-jmh,7.0.0-SNAPSHOT,com.github.krukow,clj-ds,0.0.4,false,
Gradle,org.exist-db,exist-core-jmh,7.0.0-SNAPSHOT,com.siemens.ct.exi,exificient,1.0.7,false,
Gradle,org.exist-db,exist-core-jmh,7.0.0-SNAPSHOT,com.siemens.ct.exi,exificient-grammars,1.0.7,false,
Gradle,org.exist-db,exist-core-jmh,7.0.0-SNAPSHOT,com.siemens.ct.exi,exificient-core,1.0.7,false,
Gradle,org.exist-db,exist-core-jmh,7.0.0-SNAPSHOT,xerces,xercesImpl,2.12.2,false,
Gradle,org.exist-db,exist-core-jmh,7.0.0-SNAPSHOT,xmlpull,xmlpull,1.1.3.1,false,
Gradle,org.exist-db,exist-core-jmh,7.0.0-SNAPSHOT,javax.activation,activation,1.1.1,false,
Gradle,org.exist-db,exist-core-jmh,7.0.0-SNAPSHOT,com.ibm.icu,icu4j,59.2,false,
Gradle,org.exist-db,exist-core-jmh,7.0.0-SNAPSHOT,org.relaxng,jing,20241231,false,
Gradle,org.exist-db,exist-core-jmh,7.0.0-SNAPSHOT,net.sf.saxon,Saxon-HE,9.9.1-8,false,
Gradle,org.exist-db,exist-core-jmh,7.0.0-SNAPSHOT,isorelax,isorelax,20030108,false,
Gradle,org.exist-db,exist-core-jmh,7.0.0-SNAPSHOT,org.exist-db,exist-start,7.0.0-SNAPSHOT,false,
Gradle,org.exist-db,exist-core-jmh,7.0.0-SNAPSHOT,org.exquery,exquery-common,0.2.1,false,
Gradle,org.exist-db,exist-core-jmh,7.0.0-SNAPSHOT,org.bouncycastle,bcprov-jdk18on,1.84,false,
Gradle,org.exist-db,exist-core-jmh,7.0.0-SNAPSHOT,at.yawk.lz4,lz4-java,1.11.0,false,
Gradle,org.exist-db,exist-core-jmh,7.0.0-SNAPSHOT,com.fasterxml.uuid,java-uuid-generator,5.2.0,false,
Gradle,org.exist-db,exist-core-jmh,7.0.0-SNAPSHOT,jakarta.servlet,jakarta.servlet-api,5.0.0,false,
Gradle,org.exist-db,exist-core-jmh,7.0.0-SNAPSHOT,org.quartz-scheduler,quartz,2.5.2,false,
Gradle,org.exist-db,exist-core-jmh,7.0.0-SNAPSHOT,jakarta.xml.bind,jakarta.xml.bind-api,4.0.5,false,
Gradle,org.exist-db,exist-core-jmh,7.0.0-SNAPSHOT,jakarta.activation,jakarta.activation-api,2.1.4,false,
Gradle,org.exist-db,exist-core-jmh,7.0.0-SNAPSHOT,org.glassfish.jaxb,jaxb-runtime,4.0.7,false,
Gradle,org.exist-db,exist-core-jmh,7.0.0-SNAPSHOT,org.glassfish.jaxb,jaxb-core,4.0.7,false,
Gradle,org.exist-db,exist-core-jmh,7.0.0-SNAPSHOT,org.eclipse.angus,angus-activation,2.0.3,false,
Gradle,org.exist-db,exist-core-jmh,7.0.0-SNAPSHOT,org.glassfish.jaxb,txw2,4.0.7,false,
Gradle,org.exist-db,exist-core-jmh,7.0.0-SNAPSHOT,com.sun.istack,istack-commons-runtime,4.1.2,false,
Gradle,org.exist-db,exist-core-jmh,7.0.0-SNAPSHOT,org.exist-db.thirdparty.javax.xml.xquery,xqjri,20080114-133351,false,
Gradle,org.exist-db,exist-core-jmh,7.0.0-SNAPSHOT,org.jline,jline,4.0.12,false,
Gradle,org.exist-db,exist-core-jmh,7.0.0-SNAPSHOT,net.bytebuddy,byte-buddy,1.18.8,false,
Gradle,org.exist-db,exist-core-jmh,7.0.0-SNAPSHOT,se.softhouse,jargo,0.4.14,false,
Gradle,org.exist-db,exist-core-jmh,7.0.0-SNAPSHOT,commons-io,commons-io,2.22.0,false,
Gradle,org.exist-db,exist-core-jmh,7.0.0-SNAPSHOT,com.evolvedbinary.thirdparty.org.apache.xmlrpc,xmlrpc-server,5.0.0,false,
Gradle,org.exist-db,exist-core-jmh,7.0.0-SNAPSHOT,commons-logging,commons-logging,1.3.6,false,
Gradle,org.exist-db,exist-core-jmh,7.0.0-SNAPSHOT,com.evolvedbinary.thirdparty.org.apache.xmlrpc,xmlrpc-common,5.0.0,false,
Gradle,org.exist-db,exist-core-jmh,7.0.0-SNAPSHOT,org.apache.ws.commons.util,ws-commons-util,1.0.2,false,
Gradle,org.exist-db,exist-core-jmh,7.0.0-SNAPSHOT,junit,junit,4.13.2,false,
Gradle,org.exist-db,exist-core-jmh,7.0.0-SNAPSHOT,org.hamcrest,hamcrest-core,1.3,false,
Gradle,org.exist-db,exist-core-jmh,7.0.0-SNAPSHOT,org.apache.logging.log4j,log4j-jcl,2.25.4,false,
Gradle,org.exist-db,exist-core-jmh,7.0.0-SNAPSHOT,org.apache.logging.log4j,log4j-api,2.25.4,false,
Gradle,org.exist-db,exist-core-jmh,7.0.0-SNAPSHOT,org.apache.commons,commons-pool2,2.13.1,false,
Gradle,org.exist-db,exist-core-jmh,7.0.0-SNAPSHOT,org.apache.logging.log4j,log4j-slf4j2-impl,2.25.4,false,
Gradle,org.exist-db,exist-core-jmh,7.0.0-SNAPSHOT,org.apache.logging.log4j,log4j-core,2.25.4,false,
Gradle,org.exist-db,exist-core-jmh,7.0.0-SNAPSHOT,org.apache.logging.log4j,log4j-jul,2.25.4,false,
Gradle,org.exist-db,exist-core-jmh,7.0.0-SNAPSHOT,org.exist-db.thirdparty.xerces,xercesImpl,2.12.2,false,
Gradle,org.exist-db,exist-core-jmh,7.0.0-SNAPSHOT,com.evolvedbinary.thirdparty.org.apache.xmlrpc,xmlrpc-client,5.0.0,false,
Gradle,org.exist-db,exist-core-jmh,7.0.0-SNAPSHOT,org.xmlresolver,xmlresolver,6.0.21,false,
Gradle,org.exist-db,exist-core-jmh,7.0.0-SNAPSHOT,org.exist-db,exist-saxon-regex,9.4.0-9.e1,false,
Gradle,org.exist-db,exist-core-jmh,7.0.0-SNAPSHOT,org.aspectj,aspectjrt,1.9.25.1,false,
Gradle,org.exist-db,exist-core-jmh,7.0.0-SNAPSHOT,org.eclipse.jetty,jetty-annotations,11.0.26,false,
Gradle,org.exist-db,exist-core-jmh,7.0.0-SNAPSHOT,org.eclipse.jetty,jetty-plus,11.0.26,false,
Gradle,org.exist-db,exist-core-jmh,7.0.0-SNAPSHOT,org.eclipse.jetty,jetty-webapp,11.0.26,false,
Gradle,org.exist-db,exist-core-jmh,7.0.0-SNAPSHOT,org.eclipse.jetty,jetty-servlet,11.0.26,false,
Gradle,org.exist-db,exist-core-jmh,7.0.0-SNAPSHOT,org.eclipse.jetty,jetty-xml,11.0.26,false,
Gradle,org.exist-db,exist-core-jmh,7.0.0-SNAPSHOT,org.eclipse.jetty,jetty-jndi,11.0.26,false,
Gradle,org.exist-db,exist-core-jmh,7.0.0-SNAPSHOT,jakarta.transaction,jakarta.transaction-api,2.0.0,false,
Gradle,org.exist-db,exist-core-jmh,7.0.0-SNAPSHOT,jakarta.annotation,jakarta.annotation-api,2.1.1,false,
Gradle,org.exist-db,exist-core-jmh,7.0.0-SNAPSHOT,org.ow2.asm,asm-commons,9.8,false,
Gradle,org.exist-db,exist-core-jmh,7.0.0-SNAPSHOT,org.ow2.asm,asm-tree,9.8,false,
Gradle,org.exist-db,exist-core-jmh,7.0.0-SNAPSHOT,org.ow2.asm,asm,9.8,false,
Gradle,org.exist-db,exist-core-jmh,7.0.0-SNAPSHOT,com.fifesoft,rsyntaxtextarea,3.6.2,false,
Gradle,org.exist-db,exist-core-jmh,7.0.0-SNAPSHOT,net.sf.xmldb-org,xmldb-api,2.0.0,false,
Gradle,org.exist-db,exist-core-jmh,7.0.0-SNAPSHOT,org.jgrapht,jgrapht-opt,1.5.3,false,
Gradle,org.exist-db,exist-core-jmh,7.0.0-SNAPSHOT,it.unimi.dsi,fastutil,8.5.18,false,
Gradle,org.exist-db,exist-core-jmh,7.0.0-SNAPSHOT,org.jgrapht,jgrapht-core,1.5.3,false,
Gradle,org.exist-db,exist-core-jmh,7.0.0-SNAPSHOT,org.jheaps,jheaps,0.14,false,
Gradle,org.exist-db,exist-core-jmh,7.0.0-SNAPSHOT,org.apfloat,apfloat,1.14.0,false,
Gradle,org.exist-db,exist-core-jmh,7.0.0-SNAPSHOT,io.lacuna,bifurcan,0.2.0-rc1,false,
Gradle,org.exist-db,exist-core-jmh,7.0.0-SNAPSHOT,org.apache.ant,ant,1.10.17,false,
Gradle,org.exist-db,exist-core-jmh,7.0.0-SNAPSHOT,org.apache.ant,ant-launcher,1.10.17,false,
Gradle,org.exist-db,exist-core-jmh,7.0.0-SNAPSHOT,org.hamcrest,hamcrest,3.0,false,
Gradle,org.exist-db,exist-core-jmh,7.0.0-SNAPSHOT,org.xmlunit,xmlunit-core,2.11.0,false,
Gradle,org.exist-db,exist-core-jmh,7.0.0-SNAPSHOT,org.fusesource.jansi,jansi,2.4.3,false,
Gradle,org.exist-db,exist-core-jmh,7.0.0-SNAPSHOT,org.codelibs,nekohtml,2.1.3,false,
Gradle,org.exist-db,exist-core-jmh,7.0.0-SNAPSHOT,xml-resolver,xml-resolver,1.2,false,
Gradle,org.exist-db,exist-core-jmh,7.0.0-SNAPSHOT,org.exist-db.thirdparty.org.eclipse.wst.xml,xpath2,1.2.0,false,
Gradle,org.exist-db,exist-core-jmh,7.0.0-SNAPSHOT,edu.princeton.cup,java-cup,10k,false,
Gradle,org.exist-db,exist-expath,7.0.0-SNAPSHOT,org.expath.http.client,http-client-java,1.4.2,true,
Gradle,org.exist-db,exist-expath,7.0.0-SNAPSHOT,org.apache.james,apache-mime4j-core,0.8.13,false,
Gradle,org.exist-db,exist-expath,7.0.0-SNAPSHOT,commons-io,commons-io,2.22.0,false,
Gradle,org.exist-db,exist-expath,7.0.0-SNAPSHOT,org.apache.httpcomponents,httpclient,4.5.13,false,
Gradle,org.exist-db,exist-expath,7.0.0-SNAPSHOT,org.apache.httpcomponents,httpcore,4.4.16,false,
Gradle,org.exist-db,exist-expath,7.0.0-SNAPSHOT,commons-codec,commons-codec,1.22.0,false,
Gradle,org.exist-db,exist-expath,7.0.0-SNAPSHOT,commons-logging,commons-logging,1.3.6,false,
Gradle,org.exist-db,exist-expath,7.0.0-SNAPSHOT,org.expath.tools,tools-java,0.8.0,false,
Gradle,org.exist-db,exist-expath,7.0.0-SNAPSHOT,com.google.code.findbugs,jsr305,3.0.2,false,
Gradle,org.exist-db,exist-expath,7.0.0-SNAPSHOT,net.jcip,jcip-annotations,1.0,false,
Gradle,org.exist-db,exist-expath,7.0.0-SNAPSHOT,org.ccil.cowan.tagsoup,tagsoup,1.2.1,false,
Gradle,org.exist-db,exist-expath,7.0.0-SNAPSHOT,org.slf4j,slf4j-api,2.0.17,false,
Gradle,org.exist-db,exist-expath,7.0.0-SNAPSHOT,junit,junit,4.13.2,true,
Gradle,org.exist-db,exist-expath,7.0.0-SNAPSHOT,org.hamcrest,hamcrest-core,1.3,false,
Gradle,org.exist-db,exist-expath,7.0.0-SNAPSHOT,org.apache.logging.log4j,log4j-api,2.25.4,true,
Gradle,org.exist-db,exist-expath,7.0.0-SNAPSHOT,org.exist-db,exist-core,7.0.0-SNAPSHOT,true,
Gradle,org.exist-db,exist-expath,7.0.0-SNAPSHOT,org.apache.logging.log4j,log4j-slf4j2-impl,2.25.4,false,
Gradle,org.exist-db,exist-expath,7.0.0-SNAPSHOT,org.apache.logging.log4j,log4j-core,2.25.4,false,
Gradle,org.exist-db,exist-expath,7.0.0-SNAPSHOT,org.apache.logging.log4j,log4j-jcl,2.25.4,false,
Gradle,org.exist-db,exist-expath,7.0.0-SNAPSHOT,org.apache.logging.log4j,log4j-jul,2.25.4,false,
Gradle,org.exist-db,exist-expath,7.0.0-SNAPSHOT,com.evolvedbinary.multilock,multilock,1.0.1,false,
Gradle,org.exist-db,exist-expath,7.0.0-SNAPSHOT,org.expath.packaging,pkg-java,2.1.1,false,
Gradle,org.exist-db,exist-expath,7.0.0-SNAPSHOT,com.evolvedbinary.thirdparty.org.apache.xmlrpc,xmlrpc-client,5.0.0,false,
Gradle,org.exist-db,exist-expath,7.0.0-SNAPSHOT,com.evolvedbinary.thirdparty.org.apache.xmlrpc,xmlrpc-common,5.0.0,false,
Gradle,org.exist-db,exist-expath,7.0.0-SNAPSHOT,org.apache.ws.commons.util,ws-commons-util,1.0.2,false,
Gradle,org.exist-db,exist-expath,7.0.0-SNAPSHOT,com.evolvedbinary.thirdparty.org.apache.xmlrpc,xmlrpc-server,5.0.0,false,
Gradle,org.exist-db,exist-expath,7.0.0-SNAPSHOT,antlr,antlr,2.7.7,false,
Gradle,org.exist-db,exist-expath,7.0.0-SNAPSHOT,com.evolvedbinary.j8fu,j8fu,1.24.0,false,
Gradle,org.exist-db,exist-expath,7.0.0-SNAPSHOT,com.fasterxml.jackson.core,jackson-core,2.21.2,false,
Gradle,org.exist-db,exist-expath,7.0.0-SNAPSHOT,com.fasterxml.jackson,jackson-bom,2.21.2,false,
Gradle,org.exist-db,exist-expath,7.0.0-SNAPSHOT,org.eclipse.jetty,jetty-jaas,11.0.26,false,
Gradle,org.exist-db,exist-expath,7.0.0-SNAPSHOT,org.apache.directory.api,api-ldap-model,2.1.7,false,
Gradle,org.exist-db,exist-expath,7.0.0-SNAPSHOT,com.github.ben-manes.caffeine,caffeine,3.2.3,false,
Gradle,org.exist-db,exist-expath,7.0.0-SNAPSHOT,org.jspecify,jspecify,1.0.0,false,
Gradle,org.exist-db,exist-expath,7.0.0-SNAPSHOT,com.google.errorprone,error_prone_annotations,2.43.0,false,
Gradle,org.exist-db,exist-expath,7.0.0-SNAPSHOT,org.apache.commons,commons-lang3,3.20.0,false,
Gradle,org.exist-db,exist-expath,7.0.0-SNAPSHOT,org.apache.mina,mina-core,2.2.5,false,
Gradle,org.exist-db,exist-expath,7.0.0-SNAPSHOT,org.apache.directory.api,api-asn1-ber,2.1.7,false,
Gradle,org.exist-db,exist-expath,7.0.0-SNAPSHOT,org.apache.directory.api,api-util,2.1.7,false,
Gradle,org.exist-db,exist-expath,7.0.0-SNAPSHOT,org.apache.directory.api,api-i18n,2.1.7,false,
Gradle,org.exist-db,exist-expath,7.0.0-SNAPSHOT,org.apache.directory.api,api-asn1-api,2.1.7,false,
Gradle,org.exist-db,exist-expath,7.0.0-SNAPSHOT,org.apache.servicemix.bundles,org.apache.servicemix.bundles.antlr,2.7.7_5,false,
Gradle,org.exist-db,exist-expath,7.0.0-SNAPSHOT,org.apache.commons,commons-collections4,4.4,false,
Gradle,org.exist-db,exist-expath,7.0.0-SNAPSHOT,org.eclipse.jetty,jetty-security,11.0.26,false,
Gradle,org.exist-db,exist-expath,7.0.0-SNAPSHOT,org.eclipse.jetty,jetty-server,11.0.26,false,
Gradle,org.exist-db,exist-expath,7.0.0-SNAPSHOT,org.eclipse.jetty,jetty-http,11.0.26,false,
Gradle,org.exist-db,exist-expath,7.0.0-SNAPSHOT,org.eclipse.jetty,jetty-io,11.0.26,false,
Gradle,org.exist-db,exist-expath,7.0.0-SNAPSHOT,org.eclipse.jetty,jetty-util,11.0.26,false,
Gradle,org.exist-db,exist-expath,7.0.0-SNAPSHOT,org.eclipse.jetty.toolchain,jetty-jakarta-servlet-api,5.0.2,false,
Gradle,org.exist-db,exist-expath,7.0.0-SNAPSHOT,com.github.krukow,clj-ds,0.0.4,false,
Gradle,org.exist-db,exist-expath,7.0.0-SNAPSHOT,com.siemens.ct.exi,exificient,1.0.7,false,
Gradle,org.exist-db,exist-expath,7.0.0-SNAPSHOT,com.siemens.ct.exi,exificient-grammars,1.0.7,false,
Gradle,org.exist-db,exist-expath,7.0.0-SNAPSHOT,com.siemens.ct.exi,exificient-core,1.0.7,false,
Gradle,org.exist-db,exist-expath,7.0.0-SNAPSHOT,xerces,xercesImpl,2.12.2,false,
Gradle,org.exist-db,exist-expath,7.0.0-SNAPSHOT,xmlpull,xmlpull,1.1.3.1,false,
Gradle,org.exist-db,exist-expath,7.0.0-SNAPSHOT,javax.activation,activation,1.1.1,false,
Gradle,org.exist-db,exist-expath,7.0.0-SNAPSHOT,com.ibm.icu,icu4j,59.2,false,
Gradle,org.exist-db,exist-expath,7.0.0-SNAPSHOT,org.relaxng,jing,20241231,false,
Gradle,org.exist-db,exist-expath,7.0.0-SNAPSHOT,net.sf.saxon,Saxon-HE,9.9.1-8,false,
Gradle,org.exist-db,exist-expath,7.0.0-SNAPSHOT,isorelax,isorelax,20030108,false,
Gradle,org.exist-db,exist-expath,7.0.0-SNAPSHOT,org.exist-db,exist-start,7.0.0-SNAPSHOT,false,
Gradle,org.exist-db,exist-expath,7.0.0-SNAPSHOT,org.exquery,exquery-common,0.2.1,false,
Gradle,org.exist-db,exist-expath,7.0.0-SNAPSHOT,org.bouncycastle,bcprov-jdk18on,1.84,false,
Gradle,org.exist-db,exist-expath,7.0.0-SNAPSHOT,at.yawk.lz4,lz4-java,1.11.0,false,
Gradle,org.exist-db,exist-expath,7.0.0-SNAPSHOT,com.fasterxml.uuid,java-uuid-generator,5.2.0,false,
Gradle,org.exist-db,exist-expath,7.0.0-SNAPSHOT,jakarta.servlet,jakarta.servlet-api,5.0.0,false,
Gradle,org.exist-db,exist-expath,7.0.0-SNAPSHOT,org.quartz-scheduler,quartz,2.5.2,false,
Gradle,org.exist-db,exist-expath,7.0.0-SNAPSHOT,jakarta.xml.bind,jakarta.xml.bind-api,4.0.5,false,
Gradle,org.exist-db,exist-expath,7.0.0-SNAPSHOT,jakarta.activation,jakarta.activation-api,2.1.4,false,
Gradle,org.exist-db,exist-expath,7.0.0-SNAPSHOT,org.glassfish.jaxb,jaxb-runtime,4.0.7,false,
Gradle,org.exist-db,exist-expath,7.0.0-SNAPSHOT,org.glassfish.jaxb,jaxb-core,4.0.7,false,
Gradle,org.exist-db,exist-expath,7.0.0-SNAPSHOT,org.eclipse.angus,angus-activation,2.0.3,false,
Gradle,org.exist-db,exist-expath,7.0.0-SNAPSHOT,org.glassfish.jaxb,txw2,4.0.7,false,
Gradle,org.exist-db,exist-expath,7.0.0-SNAPSHOT,com.sun.istack,istack-commons-runtime,4.1.2,false,
Gradle,org.exist-db,exist-expath,7.0.0-SNAPSHOT,org.exist-db.thirdparty.javax.xml.xquery,xqjri,20080114-133351,false,
Gradle,org.exist-db,exist-expath,7.0.0-SNAPSHOT,org.jline,jline,4.0.12,false,
Gradle,org.exist-db,exist-expath,7.0.0-SNAPSHOT,net.bytebuddy,byte-buddy,1.18.8,false,
Gradle,org.exist-db,exist-expath,7.0.0-SNAPSHOT,se.softhouse,jargo,0.4.14,false,
Gradle,org.exist-db,exist-expath,7.0.0-SNAPSHOT,org.apache.commons,commons-pool2,2.13.1,false,
Gradle,org.exist-db,exist-expath,7.0.0-SNAPSHOT,org.exist-db.thirdparty.xerces,xercesImpl,2.12.2,false,
Gradle,org.exist-db,exist-expath,7.0.0-SNAPSHOT,org.xmlresolver,xmlresolver,6.0.21,false,
Gradle,org.exist-db,exist-expath,7.0.0-SNAPSHOT,org.exist-db,exist-saxon-regex,9.4.0-9.e1,false,
Gradle,org.exist-db,exist-expath,7.0.0-SNAPSHOT,org.aspectj,aspectjrt,1.9.25.1,false,
Gradle,org.exist-db,exist-expath,7.0.0-SNAPSHOT,org.eclipse.jetty,jetty-annotations,11.0.26,false,
Gradle,org.exist-db,exist-expath,7.0.0-SNAPSHOT,org.eclipse.jetty,jetty-plus,11.0.26,false,
Gradle,org.exist-db,exist-expath,7.0.0-SNAPSHOT,org.eclipse.jetty,jetty-webapp,11.0.26,false,
Gradle,org.exist-db,exist-expath,7.0.0-SNAPSHOT,org.eclipse.jetty,jetty-servlet,11.0.26,false,
Gradle,org.exist-db,exist-expath,7.0.0-SNAPSHOT,org.eclipse.jetty,jetty-xml,11.0.26,false,
Gradle,org.exist-db,exist-expath,7.0.0-SNAPSHOT,org.eclipse.jetty,jetty-jndi,11.0.26,false,
Gradle,org.exist-db,exist-expath,7.0.0-SNAPSHOT,jakarta.transaction,jakarta.transaction-api,2.0.0,false,
Gradle,org.exist-db,exist-expath,7.0.0-SNAPSHOT,jakarta.annotation,jakarta.annotation-api,2.1.1,false,
Gradle,org.exist-db,exist-expath,7.0.0-SNAPSHOT,org.ow2.asm,asm-commons,9.8,false,
Gradle,org.exist-db,exist-expath,7.0.0-SNAPSHOT,org.ow2.asm,asm-tree,9.8,false,
Gradle,org.exist-db,exist-expath,7.0.0-SNAPSHOT,org.ow2.asm,asm,9.8,false,
Gradle,org.exist-db,exist-expath,7.0.0-SNAPSHOT,com.fifesoft,rsyntaxtextarea,3.6.2,false,
Gradle,org.exist-db,exist-expath,7.0.0-SNAPSHOT,net.sf.xmldb-org,xmldb-api,2.0.0,false,
Gradle,org.exist-db,exist-expath,7.0.0-SNAPSHOT,org.jgrapht,jgrapht-opt,1.5.3,false,
Gradle,org.exist-db,exist-expath,7.0.0-SNAPSHOT,it.unimi.dsi,fastutil,8.5.18,false,
Gradle,org.exist-db,exist-expath,7.0.0-SNAPSHOT,org.jgrapht,jgrapht-core,1.5.3,false,
Gradle,org.exist-db,exist-expath,7.0.0-SNAPSHOT,org.jheaps,jheaps,0.14,false,
Gradle,org.exist-db,exist-expath,7.0.0-SNAPSHOT,org.apfloat,apfloat,1.14.0,false,
Gradle,org.exist-db,exist-expath,7.0.0-SNAPSHOT,io.lacuna,bifurcan,0.2.0-rc1,false,
Gradle,org.exist-db,exist-expath,7.0.0-SNAPSHOT,org.apache.ant,ant,1.10.17,false,
Gradle,org.exist-db,exist-expath,7.0.0-SNAPSHOT,org.apache.ant,ant-launcher,1.10.17,false,
Gradle,org.exist-db,exist-expath,7.0.0-SNAPSHOT,org.hamcrest,hamcrest,3.0,false,
Gradle,org.exist-db,exist-expath,7.0.0-SNAPSHOT,org.xmlunit,xmlunit-core,2.11.0,false,
Gradle,org.exist-db,exist-expath,7.0.0-SNAPSHOT,org.fusesource.jansi,jansi,2.4.3,false,
Gradle,org.exist-db,exist-expath,7.0.0-SNAPSHOT,org.codelibs,nekohtml,2.1.3,false,
Gradle,org.exist-db,exist-expath,7.0.0-SNAPSHOT,xml-resolver,xml-resolver,1.2,false,
Gradle,org.exist-db,exist-expath,7.0.0-SNAPSHOT,org.exist-db.thirdparty.org.eclipse.wst.xml,xpath2,1.2.0,false,
Gradle,org.exist-db,exist-expath,7.0.0-SNAPSHOT,edu.princeton.cup,java-cup,10k,false,
Gradle,org.exist-db,exist-vector,7.0.0-SNAPSHOT,com.fasterxml.jackson.core,jackson-databind,2.21.2,true,
Gradle,org.exist-db,exist-vector,7.0.0-SNAPSHOT,com.fasterxml.jackson.core,jackson-core,2.21.2,false,
Gradle,org.exist-db,exist-vector,7.0.0-SNAPSHOT,com.fasterxml.jackson,jackson-bom,2.21.2,false,
Gradle,org.exist-db,exist-vector,7.0.0-SNAPSHOT,com.fasterxml.jackson.core,jackson-annotations,2.21,false,
Gradle,org.exist-db,exist-vector,7.0.0-SNAPSHOT,com.google.code.findbugs,jsr305,3.0.2,true,
Gradle,org.exist-db,exist-vector,7.0.0-SNAPSHOT,org.easymock,easymock,5.6.0,true,
Gradle,org.exist-db,exist-vector,7.0.0-SNAPSHOT,net.bytebuddy,byte-buddy,1.18.8,false,
Gradle,org.exist-db,exist-vector,7.0.0-SNAPSHOT,org.ow2.asm,asm,9.8,false,
Gradle,org.exist-db,exist-vector,7.0.0-SNAPSHOT,org.objenesis,objenesis,3.4,false,
Gradle,org.exist-db,exist-vector,7.0.0-SNAPSHOT,ai.djl.huggingface,tokenizers,0.36.0,true,
Gradle,org.exist-db,exist-vector,7.0.0-SNAPSHOT,ai.djl,api,0.36.0,false,
Gradle,org.exist-db,exist-vector,7.0.0-SNAPSHOT,org.apache.commons,commons-compress,1.27.1,false,
Gradle,org.exist-db,exist-vector,7.0.0-SNAPSHOT,commons-codec,commons-codec,1.22.0,false,
Gradle,org.exist-db,exist-vector,7.0.0-SNAPSHOT,commons-io,commons-io,2.22.0,false,
Gradle,org.exist-db,exist-vector,7.0.0-SNAPSHOT,org.slf4j,slf4j-api,2.0.17,false,
Gradle,org.exist-db,exist-vector,7.0.0-SNAPSHOT,com.google.code.gson,gson,2.13.1,false,
Gradle,org.exist-db,exist-vector,7.0.0-SNAPSHOT,com.google.errorprone,error_prone_annotations,2.43.0,false,
Gradle,org.exist-db,exist-vector,7.0.0-SNAPSHOT,net.java.dev.jna,jna,5.17.0,false,
Gradle,org.exist-db,exist-vector,7.0.0-SNAPSHOT,junit,junit,4.13.2,true,
Gradle,org.exist-db,exist-vector,7.0.0-SNAPSHOT,org.hamcrest,hamcrest-core,1.3,false,
Gradle,org.exist-db,exist-vector,7.0.0-SNAPSHOT,com.microsoft.onnxruntime,onnxruntime,1.25.0,true,
Gradle,org.exist-db,exist-vector,7.0.0-SNAPSHOT,io.github.hakky54,logcaptor,2.12.6,true,
Gradle,org.exist-db,exist-vector,7.0.0-SNAPSHOT,org.apache.logging.log4j,log4j-to-slf4j,2.25.3,false,
Gradle,org.exist-db,exist-vector,7.0.0-SNAPSHOT,org.apache.logging.log4j,log4j-api,2.25.4,false,
Gradle,org.exist-db,exist-vector,7.0.0-SNAPSHOT,ch.qos.logback,logback-classic,1.3.15,false,
Gradle,org.exist-db,exist-vector,7.0.0-SNAPSHOT,ch.qos.logback,logback-core,1.5.32,false,
Gradle,org.exist-db,exist-vector,7.0.0-SNAPSHOT,org.slf4j,jul-to-slf4j,2.0.17,false,
Gradle,org.exist-db,exist-vector,7.0.0-SNAPSHOT,org.exist-db,exist-core,7.0.0-SNAPSHOT,true,
Gradle,org.exist-db,exist-vector,7.0.0-SNAPSHOT,org.apache.logging.log4j,log4j-slf4j2-impl,2.25.4,false,
Gradle,org.exist-db,exist-vector,7.0.0-SNAPSHOT,org.apache.logging.log4j,log4j-core,2.25.4,false,
Gradle,org.exist-db,exist-vector,7.0.0-SNAPSHOT,org.apache.logging.log4j,log4j-jcl,2.25.4,false,
Gradle,org.exist-db,exist-vector,7.0.0-SNAPSHOT,commons-logging,commons-logging,1.3.6,false,
Gradle,org.exist-db,exist-vector,7.0.0-SNAPSHOT,org.apache.logging.log4j,log4j-jul,2.25.4,false,
Gradle,org.exist-db,exist-vector,7.0.0-SNAPSHOT,com.evolvedbinary.multilock,multilock,1.0.1,false,
Gradle,org.exist-db,exist-vector,7.0.0-SNAPSHOT,org.expath.packaging,pkg-java,2.1.1,false,
Gradle,org.exist-db,exist-vector,7.0.0-SNAPSHOT,net.jcip,jcip-annotations,1.0,false,
Gradle,org.exist-db,exist-vector,7.0.0-SNAPSHOT,com.evolvedbinary.thirdparty.org.apache.xmlrpc,xmlrpc-client,5.0.0,false,
Gradle,org.exist-db,exist-vector,7.0.0-SNAPSHOT,com.evolvedbinary.thirdparty.org.apache.xmlrpc,xmlrpc-common,5.0.0,false,
Gradle,org.exist-db,exist-vector,7.0.0-SNAPSHOT,org.apache.ws.commons.util,ws-commons-util,1.0.2,false,
Gradle,org.exist-db,exist-vector,7.0.0-SNAPSHOT,com.evolvedbinary.thirdparty.org.apache.xmlrpc,xmlrpc-server,5.0.0,false,
Gradle,org.exist-db,exist-vector,7.0.0-SNAPSHOT,antlr,antlr,2.7.7,false,
Gradle,org.exist-db,exist-vector,7.0.0-SNAPSHOT,com.evolvedbinary.j8fu,j8fu,1.24.0,false,
Gradle,org.exist-db,exist-vector,7.0.0-SNAPSHOT,org.eclipse.jetty,jetty-jaas,11.0.26,false,
Gradle,org.exist-db,exist-vector,7.0.0-SNAPSHOT,org.apache.directory.api,api-ldap-model,2.1.7,false,
Gradle,org.exist-db,exist-vector,7.0.0-SNAPSHOT,com.github.ben-manes.caffeine,caffeine,3.2.3,false,
Gradle,org.exist-db,exist-vector,7.0.0-SNAPSHOT,org.jspecify,jspecify,1.0.0,false,
Gradle,org.exist-db,exist-vector,7.0.0-SNAPSHOT,org.apache.commons,commons-lang3,3.20.0,false,
Gradle,org.exist-db,exist-vector,7.0.0-SNAPSHOT,org.apache.mina,mina-core,2.2.5,false,
Gradle,org.exist-db,exist-vector,7.0.0-SNAPSHOT,org.apache.directory.api,api-asn1-ber,2.1.7,false,
Gradle,org.exist-db,exist-vector,7.0.0-SNAPSHOT,org.apache.directory.api,api-util,2.1.7,false,
Gradle,org.exist-db,exist-vector,7.0.0-SNAPSHOT,org.apache.directory.api,api-i18n,2.1.7,false,
Gradle,org.exist-db,exist-vector,7.0.0-SNAPSHOT,org.apache.directory.api,api-asn1-api,2.1.7,false,
Gradle,org.exist-db,exist-vector,7.0.0-SNAPSHOT,org.apache.servicemix.bundles,org.apache.servicemix.bundles.antlr,2.7.7_5,false,
Gradle,org.exist-db,exist-vector,7.0.0-SNAPSHOT,org.apache.commons,commons-collections4,4.4,false,
Gradle,org.exist-db,exist-vector,7.0.0-SNAPSHOT,org.eclipse.jetty,jetty-security,11.0.26,false,
Gradle,org.exist-db,exist-vector,7.0.0-SNAPSHOT,org.eclipse.jetty,jetty-server,11.0.26,false,
Gradle,org.exist-db,exist-vector,7.0.0-SNAPSHOT,org.eclipse.jetty,jetty-http,11.0.26,false,
Gradle,org.exist-db,exist-vector,7.0.0-SNAPSHOT,org.eclipse.jetty,jetty-io,11.0.26,false,
Gradle,org.exist-db,exist-vector,7.0.0-SNAPSHOT,org.eclipse.jetty,jetty-util,11.0.26,false,
Gradle,org.exist-db,exist-vector,7.0.0-SNAPSHOT,org.eclipse.jetty.toolchain,jetty-jakarta-servlet-api,5.0.2,false,
Gradle,org.exist-db,exist-vector,7.0.0-SNAPSHOT,com.github.krukow,clj-ds,0.0.4,false,
Gradle,org.exist-db,exist-vector,7.0.0-SNAPSHOT,com.siemens.ct.exi,exificient,1.0.7,false,
Gradle,org.exist-db,exist-vector,7.0.0-SNAPSHOT,com.siemens.ct.exi,exificient-grammars,1.0.7,false,
Gradle,org.exist-db,exist-vector,7.0.0-SNAPSHOT,com.siemens.ct.exi,exificient-core,1.0.7,false,
Gradle,org.exist-db,exist-vector,7.0.0-SNAPSHOT,xerces,xercesImpl,2.12.2,false,
Gradle,org.exist-db,exist-vector,7.0.0-SNAPSHOT,xmlpull,xmlpull,1.1.3.1,false,
Gradle,org.exist-db,exist-vector,7.0.0-SNAPSHOT,javax.activation,activation,1.1.1,false,
Gradle,org.exist-db,exist-vector,7.0.0-SNAPSHOT,com.ibm.icu,icu4j,59.2,false,
Gradle,org.exist-db,exist-vector,7.0.0-SNAPSHOT,org.relaxng,jing,20241231,false,
Gradle,org.exist-db,exist-vector,7.0.0-SNAPSHOT,net.sf.saxon,Saxon-HE,9.9.1-8,false,
Gradle,org.exist-db,exist-vector,7.0.0-SNAPSHOT,isorelax,isorelax,20030108,false,
Gradle,org.exist-db,exist-vector,7.0.0-SNAPSHOT,org.exist-db,exist-start,7.0.0-SNAPSHOT,false,
Gradle,org.exist-db,exist-vector,7.0.0-SNAPSHOT,org.exquery,exquery-common,0.2.1,false,
Gradle,org.exist-db,exist-vector,7.0.0-SNAPSHOT,org.bouncycastle,bcprov-jdk18on,1.84,false,
Gradle,org.exist-db,exist-vector,7.0.0-SNAPSHOT,at.yawk.lz4,lz4-java,1.11.0,false,
Gradle,org.exist-db,exist-vector,7.0.0-SNAPSHOT,com.fasterxml.uuid,java-uuid-generator,5.2.0,false,
Gradle,org.exist-db,exist-vector,7.0.0-SNAPSHOT,jakarta.servlet,jakarta.servlet-api,5.0.0,false,
Gradle,org.exist-db,exist-vector,7.0.0-SNAPSHOT,org.quartz-scheduler,quartz,2.5.2,false,
Gradle,org.exist-db,exist-vector,7.0.0-SNAPSHOT,jakarta.xml.bind,jakarta.xml.bind-api,4.0.5,false,
Gradle,org.exist-db,exist-vector,7.0.0-SNAPSHOT,jakarta.activation,jakarta.activation-api,2.1.4,false,
Gradle,org.exist-db,exist-vector,7.0.0-SNAPSHOT,org.glassfish.jaxb,jaxb-runtime,4.0.7,false,
Gradle,org.exist-db,exist-vector,7.0.0-SNAPSHOT,org.glassfish.jaxb,jaxb-core,4.0.7,false,
Gradle,org.exist-db,exist-vector,7.0.0-SNAPSHOT,org.eclipse.angus,angus-activation,2.0.3,false,
Gradle,org.exist-db,exist-vector,7.0.0-SNAPSHOT,org.glassfish.jaxb,txw2,4.0.7,false,
Gradle,org.exist-db,exist-vector,7.0.0-SNAPSHOT,com.sun.istack,istack-commons-runtime,4.1.2,false,
Gradle,org.exist-db,exist-vector,7.0.0-SNAPSHOT,org.exist-db.thirdparty.javax.xml.xquery,xqjri,20080114-133351,false,
Gradle,org.exist-db,exist-vector,7.0.0-SNAPSHOT,org.jline,jline,4.0.12,false,
Gradle,org.exist-db,exist-vector,7.0.0-SNAPSHOT,se.softhouse,jargo,0.4.14,false,
Gradle,org.exist-db,exist-vector,7.0.0-SNAPSHOT,org.apache.commons,commons-pool2,2.13.1,false,
Gradle,org.exist-db,exist-vector,7.0.0-SNAPSHOT,org.exist-db.thirdparty.xerces,xercesImpl,2.12.2,false,
Gradle,org.exist-db,exist-vector,7.0.0-SNAPSHOT,org.xmlresolver,xmlresolver,6.0.21,false,
Gradle,org.exist-db,exist-vector,7.0.0-SNAPSHOT,org.exist-db,exist-saxon-regex,9.4.0-9.e1,false,
Gradle,org.exist-db,exist-vector,7.0.0-SNAPSHOT,org.aspectj,aspectjrt,1.9.25.1,false,
Gradle,org.exist-db,exist-vector,7.0.0-SNAPSHOT,org.eclipse.jetty,jetty-annotations,11.0.26,false,
Gradle,org.exist-db,exist-vector,7.0.0-SNAPSHOT,org.eclipse.jetty,jetty-plus,11.0.26,false,
Gradle,org.exist-db,exist-vector,7.0.0-SNAPSHOT,org.eclipse.jetty,jetty-webapp,11.0.26,false,
Gradle,org.exist-db,exist-vector,7.0.0-SNAPSHOT,org.eclipse.jetty,jetty-servlet,11.0.26,false,
Gradle,org.exist-db,exist-vector,7.0.0-SNAPSHOT,org.eclipse.jetty,jetty-xml,11.0.26,false,
Gradle,org.exist-db,exist-vector,7.0.0-SNAPSHOT,org.eclipse.jetty,jetty-jndi,11.0.26,false,
Gradle,org.exist-db,exist-vector,7.0.0-SNAPSHOT,jakarta.transaction,jakarta.transaction-api,2.0.0,false,
Gradle,org.exist-db,exist-vector,7.0.0-SNAPSHOT,org.ow2.asm,asm-commons,9.8,false,
Gradle,org.exist-db,exist-vector,7.0.0-SNAPSHOT,org.ow2.asm,asm-tree,9.8,false,
Gradle,org.exist-db,exist-vector,7.0.0-SNAPSHOT,jakarta.annotation,jakarta.annotation-api,2.1.1,false,
Gradle,org.exist-db,exist-vector,7.0.0-SNAPSHOT,com.fifesoft,rsyntaxtextarea,3.6.2,false,
Gradle,org.exist-db,exist-vector,7.0.0-SNAPSHOT,net.sf.xmldb-org,xmldb-api,2.0.0,false,
Gradle,org.exist-db,exist-vector,7.0.0-SNAPSHOT,org.jgrapht,jgrapht-opt,1.5.3,false,
Gradle,org.exist-db,exist-vector,7.0.0-SNAPSHOT,it.unimi.dsi,fastutil,8.5.18,false,
Gradle,org.exist-db,exist-vector,7.0.0-SNAPSHOT,org.jgrapht,jgrapht-core,1.5.3,false,
Gradle,org.exist-db,exist-vector,7.0.0-SNAPSHOT,org.jheaps,jheaps,0.14,false,
Gradle,org.exist-db,exist-vector,7.0.0-SNAPSHOT,org.apfloat,apfloat,1.14.0,false,
Gradle,org.exist-db,exist-vector,7.0.0-SNAPSHOT,io.lacuna,bifurcan,0.2.0-rc1,false,
Gradle,org.exist-db,exist-vector,7.0.0-SNAPSHOT,org.apache.ant,ant,1.10.17,false,
Gradle,org.exist-db,exist-vector,7.0.0-SNAPSHOT,org.apache.ant,ant-launcher,1.10.17,false,
Gradle,org.exist-db,exist-vector,7.0.0-SNAPSHOT,org.hamcrest,hamcrest,3.0,false,
Gradle,org.exist-db,exist-vector,7.0.0-SNAPSHOT,org.xmlunit,xmlunit-core,2.11.0,false,
Gradle,org.exist-db,exist-vector,7.0.0-SNAPSHOT,org.fusesource.jansi,jansi,2.4.3,false,
Gradle,org.exist-db,exist-vector,7.0.0-SNAPSHOT,org.codelibs,nekohtml,2.1.3,false,
Gradle,org.exist-db,exist-vector,7.0.0-SNAPSHOT,xml-resolver,xml-resolver,1.2,false,
Gradle,org.exist-db,exist-vector,7.0.0-SNAPSHOT,org.exist-db.thirdparty.org.eclipse.wst.xml,xpath2,1.2.0,false,
Gradle,org.exist-db,exist-vector,7.0.0-SNAPSHOT,edu.princeton.cup,java-cup,10k,false,
Gradle,org.exist-db,exist-core,7.0.0-SNAPSHOT,commons-codec,commons-codec,1.22.0,true,
Gradle,org.exist-db,exist-core,7.0.0-SNAPSHOT,org.apache.ant,ant,1.10.17,true,
Gradle,org.exist-db,exist-core,7.0.0-SNAPSHOT,org.apache.ant,ant-launcher,1.10.17,false,
Gradle,org.exist-db,exist-core,7.0.0-SNAPSHOT,com.evolvedbinary.thirdparty.org.apache.xmlrpc,xmlrpc-server,5.0.0,true,
Gradle,org.exist-db,exist-core,7.0.0-SNAPSHOT,commons-logging,commons-logging,1.3.6,false,
Gradle,org.exist-db,exist-core,7.0.0-SNAPSHOT,com.evolvedbinary.thirdparty.org.apache.xmlrpc,xmlrpc-common,5.0.0,false,
Gradle,org.exist-db,exist-core,7.0.0-SNAPSHOT,org.apache.ws.commons.util,ws-commons-util,1.0.2,false,
Gradle,org.exist-db,exist-core,7.0.0-SNAPSHOT,junit,junit,4.13.2,false,
Gradle,org.exist-db,exist-core,7.0.0-SNAPSHOT,org.hamcrest,hamcrest-core,1.3,false,
Gradle,org.exist-db,exist-core,7.0.0-SNAPSHOT,org.apache.logging.log4j,log4j-jul,2.25.4,true,
Gradle,org.exist-db,exist-core,7.0.0-SNAPSHOT,org.apache.logging.log4j,log4j-api,2.25.4,false,
Gradle,org.exist-db,exist-core,7.0.0-SNAPSHOT,com.github.ben-manes.caffeine,caffeine,3.2.3,true,
Gradle,org.exist-db,exist-core,7.0.0-SNAPSHOT,org.jspecify,jspecify,1.0.0,false,
Gradle,org.exist-db,exist-core,7.0.0-SNAPSHOT,com.google.errorprone,error_prone_annotations,2.43.0,false,
Gradle,org.exist-db,exist-core,7.0.0-SNAPSHOT,com.fasterxml.uuid,java-uuid-generator,5.2.0,true,
Gradle,org.exist-db,exist-core,7.0.0-SNAPSHOT,org.slf4j,slf4j-api,2.0.17,false,
Gradle,org.exist-db,exist-core,7.0.0-SNAPSHOT,org.exquery,exquery-common,0.2.1,true,
Gradle,org.exist-db,exist-core,7.0.0-SNAPSHOT,org.hamcrest,hamcrest,3.0,true,
Gradle,org.exist-db,exist-core,7.0.0-SNAPSHOT,org.aspectj,aspectjrt,1.9.25.1,true,
Gradle,org.exist-db,exist-core,7.0.0-SNAPSHOT,org.apache.httpcomponents,httpcore,4.4.16,true,
Gradle,org.exist-db,exist-core,7.0.0-SNAPSHOT,se.softhouse,jargo,0.4.14,true,
Gradle,org.exist-db,exist-core,7.0.0-SNAPSHOT,org.assertj,assertj-core,3.27.7,true,
Gradle,org.exist-db,exist-core,7.0.0-SNAPSHOT,net.bytebuddy,byte-buddy,1.18.8,false,
Gradle,org.exist-db,exist-core,7.0.0-SNAPSHOT,org.apache.mina,mina-core,2.2.5,true,
Gradle,org.exist-db,exist-core,7.0.0-SNAPSHOT,org.awaitility,awaitility,4.3.0,true,
Gradle,org.exist-db,exist-core,7.0.0-SNAPSHOT,net.sf.xmldb-org,xmldb-api,2.0.0,true,
Gradle,org.exist-db,exist-core,7.0.0-SNAPSHOT,org.xmlunit,xmlunit-legacy,2.11.0,true,
Gradle,org.exist-db,exist-core,7.0.0-SNAPSHOT,org.xmlunit,xmlunit-core,2.11.0,false,
Gradle,org.exist-db,exist-core,7.0.0-SNAPSHOT,org.apache.commons,commons-pool2,2.13.1,true,
Gradle,org.exist-db,exist-core,7.0.0-SNAPSHOT,org.codelibs,nekohtml,2.1.3,true,
Gradle,org.exist-db,exist-core,7.0.0-SNAPSHOT,com.siemens.ct.exi,exificient-grammars,1.0.7,true,
Gradle,org.exist-db,exist-core,7.0.0-SNAPSHOT,com.siemens.ct.exi,exificient-core,1.0.7,false,
Gradle,org.exist-db,exist-core,7.0.0-SNAPSHOT,xerces,xercesImpl,2.12.2,false,
Gradle,org.exist-db,exist-core,7.0.0-SNAPSHOT,xml-resolver,xml-resolver,1.2,true,
Gradle,org.exist-db,exist-core,7.0.0-SNAPSHOT,org.exist-db,exist-start,7.0.0-SNAPSHOT,true,
Gradle,org.exist-db,exist-core,7.0.0-SNAPSHOT,antlr,antlr,2.7.7,true,
Gradle,org.exist-db,exist-core,7.0.0-SNAPSHOT,com.github.krukow,clj-ds,0.0.4,true,
Gradle,org.exist-db,exist-core,7.0.0-SNAPSHOT,org.apache.logging.log4j,log4j-slf4j2-impl,2.25.4,true,
Gradle,org.exist-db,exist-core,7.0.0-SNAPSHOT,org.apache.logging.log4j,log4j-core,2.25.4,false,
Gradle,org.exist-db,exist-core,7.0.0-SNAPSHOT,org.exist-db,exist-samples,7.0.0-SNAPSHOT,true,
Gradle,org.exist-db,exist-core,7.0.0-SNAPSHOT,com.google.code.findbugs,jsr305,3.0.2,false,
Gradle,org.exist-db,exist-core,7.0.0-SNAPSHOT,org.easymock,easymock,5.6.0,true,
Gradle,org.exist-db,exist-core,7.0.0-SNAPSHOT,org.ow2.asm,asm,9.8,false,
Gradle,org.exist-db,exist-core,7.0.0-SNAPSHOT,org.objenesis,objenesis,3.4,false,
Gradle,org.exist-db,exist-core,7.0.0-SNAPSHOT,com.evolvedbinary.j8fu,j8fu,1.24.0,true,
Gradle,org.exist-db,exist-core,7.0.0-SNAPSHOT,net.jcip,jcip-annotations,1.0,false,
Gradle,org.exist-db,exist-core,7.0.0-SNAPSHOT,com.fifesoft,rsyntaxtextarea,3.6.2,true,
Gradle,org.exist-db,exist-core,7.0.0-SNAPSHOT,com.siemens.ct.exi,exificient,1.0.7,true,
Gradle,org.exist-db,exist-core,7.0.0-SNAPSHOT,xmlpull,xmlpull,1.1.3.1,false,
Gradle,org.exist-db,exist-core,7.0.0-SNAPSHOT,javax.activation,activation,1.1.1,false,
Gradle,org.exist-db,exist-core,7.0.0-SNAPSHOT,org.xmlunit,xmlunit-matchers,2.11.0,true,
Gradle,org.exist-db,exist-core,7.0.0-SNAPSHOT,io.lacuna,bifurcan,0.2.0-rc1,true,
Gradle,org.exist-db,exist-core,7.0.0-SNAPSHOT,org.apache.httpcomponents,fluent-hc,4.5.14,true,
Gradle,org.exist-db,exist-core,7.0.0-SNAPSHOT,org.apache.httpcomponents,httpclient,4.5.14,false,
Gradle,org.exist-db,exist-core,7.0.0-SNAPSHOT,jakarta.servlet,jakarta.servlet-api,5.0.0,true,
Gradle,org.exist-db,exist-core,7.0.0-SNAPSHOT,org.apache.logging.log4j,log4j-jcl,2.25.4,true,
Gradle,org.exist-db,exist-core,7.0.0-SNAPSHOT,org.eclipse.jetty,jetty-annotations,11.0.26,true,
Gradle,org.exist-db,exist-core,7.0.0-SNAPSHOT,org.eclipse.jetty,jetty-plus,11.0.26,false,
Gradle,org.exist-db,exist-core,7.0.0-SNAPSHOT,org.eclipse.jetty,jetty-webapp,11.0.26,false,
Gradle,org.exist-db,exist-core,7.0.0-SNAPSHOT,org.eclipse.jetty,jetty-servlet,11.0.26,false,
Gradle,org.exist-db,exist-core,7.0.0-SNAPSHOT,org.eclipse.jetty,jetty-security,11.0.26,false,
Gradle,org.exist-db,exist-core,7.0.0-SNAPSHOT,org.eclipse.jetty,jetty-server,11.0.26,false,
Gradle,org.exist-db,exist-core,7.0.0-SNAPSHOT,org.eclipse.jetty,jetty-http,11.0.26,false,
Gradle,org.exist-db,exist-core,7.0.0-SNAPSHOT,org.eclipse.jetty,jetty-io,11.0.26,false,
Gradle,org.exist-db,exist-core,7.0.0-SNAPSHOT,org.eclipse.jetty,jetty-util,11.0.26,false,
Gradle,org.exist-db,exist-core,7.0.0-SNAPSHOT,org.eclipse.jetty.toolchain,jetty-jakarta-servlet-api,5.0.2,false,
Gradle,org.exist-db,exist-core,7.0.0-SNAPSHOT,org.eclipse.jetty,jetty-xml,11.0.26,false,
Gradle,org.exist-db,exist-core,7.0.0-SNAPSHOT,org.eclipse.jetty,jetty-jndi,11.0.26,false,
Gradle,org.exist-db,exist-core,7.0.0-SNAPSHOT,jakarta.transaction,jakarta.transaction-api,2.0.0,false,
Gradle,org.exist-db,exist-core,7.0.0-SNAPSHOT,jakarta.annotation,jakarta.annotation-api,2.1.1,false,
Gradle,org.exist-db,exist-core,7.0.0-SNAPSHOT,org.ow2.asm,asm-commons,9.8,false,
Gradle,org.exist-db,exist-core,7.0.0-SNAPSHOT,org.ow2.asm,asm-tree,9.8,false,
Gradle,org.exist-db,exist-core,7.0.0-SNAPSHOT,org.jline,jline,4.0.12,true,
Gradle,org.exist-db,exist-core,7.0.0-SNAPSHOT,at.yawk.lz4,lz4-java,1.11.0,true,
Gradle,org.exist-db,exist-core,7.0.0-SNAPSHOT,org.exist-db,exist-jetty-config,7.0.0-SNAPSHOT,true,
Gradle,org.exist-db,exist-core,7.0.0-SNAPSHOT,com.googlecode.junit-toolbox,junit-toolbox,2.4,true,
Gradle,org.exist-db,exist-core,7.0.0-SNAPSHOT,commons-io,commons-io,2.22.0,false,
Gradle,org.exist-db,exist-core,7.0.0-SNAPSHOT,org.hamcrest,hamcrest-library,1.3,false,
Gradle,org.exist-db,exist-core,7.0.0-SNAPSHOT,org.mockito,mockito-core,1.9.5,false,
Gradle,org.exist-db,exist-core,7.0.0-SNAPSHOT,org.exist-db.thirdparty.org.eclipse.wst.xml,xpath2,1.2.0,true,
Gradle,org.exist-db,exist-core,7.0.0-SNAPSHOT,org.eclipse.angus,angus-activation,2.0.3,true,
Gradle,org.exist-db,exist-core,7.0.0-SNAPSHOT,jakarta.activation,jakarta.activation-api,2.1.4,false,
Gradle,org.exist-db,exist-core,7.0.0-SNAPSHOT,jakarta.xml.bind,jakarta.xml.bind-api,4.0.5,true,
Gradle,org.exist-db,exist-core,7.0.0-SNAPSHOT,org.exist-db.thirdparty.xerces,xercesImpl,2.12.2,true,
Gradle,org.exist-db,exist-core,7.0.0-SNAPSHOT,com.evolvedbinary.multilock,multilock,1.0.1,true,
Gradle,org.exist-db,exist-core,7.0.0-SNAPSHOT,org.exist-db,exist-saxon-regex,9.4.0-9.e1,true,
Gradle,org.exist-db,exist-core,7.0.0-SNAPSHOT,net.sf.saxon,Saxon-HE,9.9.1-8,false,
Gradle,org.exist-db,exist-core,7.0.0-SNAPSHOT,org.bouncycastle,bcprov-jdk18on,1.84,true,
Gradle,org.exist-db,exist-core,7.0.0-SNAPSHOT,org.relaxng,jing,20241231,true,
Gradle,org.exist-db,exist-core,7.0.0-SNAPSHOT,isorelax,isorelax,20030108,false,
Gradle,org.exist-db,exist-core,7.0.0-SNAPSHOT,com.fasterxml.jackson.core,jackson-core,2.21.2,true,
Gradle,org.exist-db,exist-core,7.0.0-SNAPSHOT,com.fasterxml.jackson,jackson-bom,2.21.2,false,
Gradle,org.exist-db,exist-core,7.0.0-SNAPSHOT,org.eclipse.jetty,jetty-jmx,11.0.26,true,
Gradle,org.exist-db,exist-core,7.0.0-SNAPSHOT,org.xmlresolver,xmlresolver,6.0.21,true,
Gradle,org.exist-db,exist-core,7.0.0-SNAPSHOT,com.evolvedbinary.thirdparty.org.apache.xmlrpc,xmlrpc-client,5.0.0,true,
Gradle,org.exist-db,exist-core,7.0.0-SNAPSHOT,org.exist-db.thirdparty.javax.xml.xquery,xqjri,20080114-133351,true,
Gradle,org.exist-db,exist-core,7.0.0-SNAPSHOT,org.jgrapht,jgrapht-opt,1.5.3,true,
Gradle,org.exist-db,exist-core,7.0.0-SNAPSHOT,it.unimi.dsi,fastutil,8.5.18,false,
Gradle,org.exist-db,exist-core,7.0.0-SNAPSHOT,org.jgrapht,jgrapht-core,1.5.3,false,
Gradle,org.exist-db,exist-core,7.0.0-SNAPSHOT,org.jheaps,jheaps,0.14,false,
Gradle,org.exist-db,exist-core,7.0.0-SNAPSHOT,org.apfloat,apfloat,1.14.0,false,
Gradle,org.exist-db,exist-core,7.0.0-SNAPSHOT,org.eclipse.jetty,jetty-jaas,11.0.26,true,
Gradle,org.exist-db,exist-core,7.0.0-SNAPSHOT,org.apache.directory.api,api-ldap-model,2.1.7,false,
Gradle,org.exist-db,exist-core,7.0.0-SNAPSHOT,org.apache.commons,commons-lang3,3.20.0,false,
Gradle,org.exist-db,exist-core,7.0.0-SNAPSHOT,org.apache.directory.api,api-asn1-ber,2.1.7,false,
Gradle,org.exist-db,exist-core,7.0.0-SNAPSHOT,org.apache.directory.api,api-util,2.1.7,false,
Gradle,org.exist-db,exist-core,7.0.0-SNAPSHOT,org.apache.directory.api,api-i18n,2.1.7,false,
Gradle,org.exist-db,exist-core,7.0.0-SNAPSHOT,org.apache.directory.api,api-asn1-api,2.1.7,false,
Gradle,org.exist-db,exist-core,7.0.0-SNAPSHOT,org.apache.servicemix.bundles,org.apache.servicemix.bundles.antlr,2.7.7_5,false,
Gradle,org.exist-db,exist-core,7.0.0-SNAPSHOT,org.apache.commons,commons-collections4,4.4,false,
Gradle,org.exist-db,exist-core,7.0.0-SNAPSHOT,org.eclipse.jetty,jetty-deploy,11.0.26,true,
Gradle,org.exist-db,exist-core,7.0.0-SNAPSHOT,org.expath.packaging,pkg-java,2.1.1,true,
Gradle,org.exist-db,exist-core,7.0.0-SNAPSHOT,org.apache.httpcomponents,httpmime,4.5.14,true,
Gradle,org.exist-db,exist-core,7.0.0-SNAPSHOT,org.junit.jupiter,junit-jupiter-api,6.0.3,true,
Gradle,org.exist-db,exist-core,7.0.0-SNAPSHOT,org.junit.platform,junit-platform-commons,6.0.3,false,
Gradle,org.exist-db,exist-core,7.0.0-SNAPSHOT,org.junit,junit-bom,6.0.3,false,
Gradle,org.exist-db,exist-core,7.0.0-SNAPSHOT,org.opentest4j,opentest4j,1.3.0,false,
Gradle,org.exist-db,exist-core,7.0.0-SNAPSHOT,org.quartz-scheduler,quartz,2.5.2,true,
Gradle,org.exist-db,exist-core,7.0.0-SNAPSHOT,org.junit.jupiter,junit-jupiter-params,6.0.3,true,
Gradle,org.exist-db,exist-core,7.0.0-SNAPSHOT,edu.princeton.cup,java-cup,10k,true,
Gradle,org.exist-db,exist-core,7.0.0-SNAPSHOT,org.glassfish.jaxb,jaxb-runtime,4.0.7,true,
Gradle,org.exist-db,exist-core,7.0.0-SNAPSHOT,org.glassfish.jaxb,jaxb-core,4.0.7,false,
Gradle,org.exist-db,exist-core,7.0.0-SNAPSHOT,org.glassfish.jaxb,txw2,4.0.7,false,
Gradle,org.exist-db,exist-core,7.0.0-SNAPSHOT,com.sun.istack,istack-commons-runtime,4.1.2,false,
Gradle,org.exist-db,exist-core,7.0.0-SNAPSHOT,org.fusesource.jansi,jansi,2.4.3,true,
Gradle,org.exist-db,exist-core,7.0.0-SNAPSHOT,com.ibm.icu,icu4j,59.2,true,
Gradle,org.exist-db,exist-security-activedirectory,7.0.0-SNAPSHOT,org.exist-db,exist-security-ldap,7.0.0-SNAPSHOT,true,
Gradle,org.exist-db,exist-security-activedirectory,7.0.0-SNAPSHOT,org.exist-db,exist-core,7.0.0-SNAPSHOT,false,
Gradle,org.exist-db,exist-security-activedirectory,7.0.0-SNAPSHOT,org.apache.logging.log4j,log4j-slf4j2-impl,2.25.4,false,
Gradle,org.exist-db,exist-security-activedirectory,7.0.0-SNAPSHOT,org.apache.logging.log4j,log4j-core,2.25.4,false,
Gradle,org.exist-db,exist-security-activedirectory,7.0.0-SNAPSHOT,org.apache.logging.log4j,log4j-api,2.25.4,false,
Gradle,org.exist-db,exist-security-activedirectory,7.0.0-SNAPSHOT,org.slf4j,slf4j-api,2.0.17,false,
Gradle,org.exist-db,exist-security-activedirectory,7.0.0-SNAPSHOT,org.apache.logging.log4j,log4j-jcl,2.25.4,false,
Gradle,org.exist-db,exist-security-activedirectory,7.0.0-SNAPSHOT,commons-logging,commons-logging,1.3.6,false,
Gradle,org.exist-db,exist-security-activedirectory,7.0.0-SNAPSHOT,org.apache.logging.log4j,log4j-jul,2.25.4,false,
Gradle,org.exist-db,exist-security-activedirectory,7.0.0-SNAPSHOT,commons-io,commons-io,2.22.0,false,
Gradle,org.exist-db,exist-security-activedirectory,7.0.0-SNAPSHOT,com.evolvedbinary.thirdparty.org.apache.xmlrpc,xmlrpc-client,5.0.0,false,
Gradle,org.exist-db,exist-security-activedirectory,7.0.0-SNAPSHOT,com.evolvedbinary.thirdparty.org.apache.xmlrpc,xmlrpc-common,5.0.0,false,
Gradle,org.exist-db,exist-security-activedirectory,7.0.0-SNAPSHOT,org.apache.ws.commons.util,ws-commons-util,1.0.2,false,
Gradle,org.exist-db,exist-security-activedirectory,7.0.0-SNAPSHOT,junit,junit,4.13.2,false,
Gradle,org.exist-db,exist-security-activedirectory,7.0.0-SNAPSHOT,org.hamcrest,hamcrest-core,1.3,false,
Gradle,org.exist-db,exist-security-activedirectory,7.0.0-SNAPSHOT,com.evolvedbinary.thirdparty.org.apache.xmlrpc,xmlrpc-server,5.0.0,false,
Gradle,org.exist-db,exist-security-activedirectory,7.0.0-SNAPSHOT,antlr,antlr,2.7.7,false,
Gradle,org.exist-db,exist-security-activedirectory,7.0.0-SNAPSHOT,com.evolvedbinary.j8fu,j8fu,1.24.0,false,
Gradle,org.exist-db,exist-security-activedirectory,7.0.0-SNAPSHOT,net.jcip,jcip-annotations,1.0,false,
Gradle,org.exist-db,exist-security-activedirectory,7.0.0-SNAPSHOT,org.expath.packaging,pkg-java,2.1.1,false,
Gradle,org.exist-db,exist-security-activedirectory,7.0.0-SNAPSHOT,com.google.code.findbugs,jsr305,3.0.2,false,
Gradle,org.exist-db,exist-security-activedirectory,7.0.0-SNAPSHOT,com.fasterxml.jackson.core,jackson-core,2.21.2,false,
Gradle,org.exist-db,exist-security-activedirectory,7.0.0-SNAPSHOT,com.fasterxml.jackson,jackson-bom,2.21.2,false,
Gradle,org.exist-db,exist-security-activedirectory,7.0.0-SNAPSHOT,com.evolvedbinary.multilock,multilock,1.0.1,false,
Gradle,org.exist-db,exist-security-activedirectory,7.0.0-SNAPSHOT,org.eclipse.jetty,jetty-jaas,11.0.26,false,
Gradle,org.exist-db,exist-security-activedirectory,7.0.0-SNAPSHOT,org.apache.directory.api,api-ldap-model,2.1.7,false,
Gradle,org.exist-db,exist-security-activedirectory,7.0.0-SNAPSHOT,com.github.ben-manes.caffeine,caffeine,3.2.3,false,
Gradle,org.exist-db,exist-security-activedirectory,7.0.0-SNAPSHOT,org.jspecify,jspecify,1.0.0,false,
Gradle,org.exist-db,exist-security-activedirectory,7.0.0-SNAPSHOT,com.google.errorprone,error_prone_annotations,2.43.0,false,
Gradle,org.exist-db,exist-security-activedirectory,7.0.0-SNAPSHOT,commons-codec,commons-codec,1.22.0,false,
Gradle,org.exist-db,exist-security-activedirectory,7.0.0-SNAPSHOT,org.apache.commons,commons-lang3,3.20.0,false,
Gradle,org.exist-db,exist-security-activedirectory,7.0.0-SNAPSHOT,org.apache.mina,mina-core,2.2.5,false,
Gradle,org.exist-db,exist-security-activedirectory,7.0.0-SNAPSHOT,org.apache.directory.api,api-asn1-ber,2.1.7,false,
Gradle,org.exist-db,exist-security-activedirectory,7.0.0-SNAPSHOT,org.apache.directory.api,api-util,2.1.7,false,
Gradle,org.exist-db,exist-security-activedirectory,7.0.0-SNAPSHOT,org.apache.directory.api,api-i18n,2.1.7,false,
Gradle,org.exist-db,exist-security-activedirectory,7.0.0-SNAPSHOT,org.apache.directory.api,api-asn1-api,2.1.7,false,
Gradle,org.exist-db,exist-security-activedirectory,7.0.0-SNAPSHOT,org.apache.servicemix.bundles,org.apache.servicemix.bundles.antlr,2.7.7_5,false,
Gradle,org.exist-db,exist-security-activedirectory,7.0.0-SNAPSHOT,org.apache.commons,commons-collections4,4.4,false,
Gradle,org.exist-db,exist-security-activedirectory,7.0.0-SNAPSHOT,org.eclipse.jetty,jetty-security,11.0.26,false,
Gradle,org.exist-db,exist-security-activedirectory,7.0.0-SNAPSHOT,org.eclipse.jetty,jetty-server,11.0.26,false,
Gradle,org.exist-db,exist-security-activedirectory,7.0.0-SNAPSHOT,org.eclipse.jetty,jetty-http,11.0.26,false,
Gradle,org.exist-db,exist-security-activedirectory,7.0.0-SNAPSHOT,org.eclipse.jetty,jetty-io,11.0.26,false,
Gradle,org.exist-db,exist-security-activedirectory,7.0.0-SNAPSHOT,org.eclipse.jetty,jetty-util,11.0.26,false,
Gradle,org.exist-db,exist-security-activedirectory,7.0.0-SNAPSHOT,org.eclipse.jetty.toolchain,jetty-jakarta-servlet-api,5.0.2,false,
Gradle,org.exist-db,exist-security-activedirectory,7.0.0-SNAPSHOT,com.github.krukow,clj-ds,0.0.4,false,
Gradle,org.exist-db,exist-security-activedirectory,7.0.0-SNAPSHOT,com.siemens.ct.exi,exificient,1.0.7,false,
Gradle,org.exist-db,exist-security-activedirectory,7.0.0-SNAPSHOT,com.siemens.ct.exi,exificient-grammars,1.0.7,false,
Gradle,org.exist-db,exist-security-activedirectory,7.0.0-SNAPSHOT,com.siemens.ct.exi,exificient-core,1.0.7,false,
Gradle,org.exist-db,exist-security-activedirectory,7.0.0-SNAPSHOT,xerces,xercesImpl,2.12.2,false,
Gradle,org.exist-db,exist-security-activedirectory,7.0.0-SNAPSHOT,xmlpull,xmlpull,1.1.3.1,false,
Gradle,org.exist-db,exist-security-activedirectory,7.0.0-SNAPSHOT,javax.activation,activation,1.1.1,false,
Gradle,org.exist-db,exist-security-activedirectory,7.0.0-SNAPSHOT,com.ibm.icu,icu4j,59.2,false,
Gradle,org.exist-db,exist-security-activedirectory,7.0.0-SNAPSHOT,org.relaxng,jing,20241231,false,
Gradle,org.exist-db,exist-security-activedirectory,7.0.0-SNAPSHOT,net.sf.saxon,Saxon-HE,9.9.1-8,false,
Gradle,org.exist-db,exist-security-activedirectory,7.0.0-SNAPSHOT,isorelax,isorelax,20030108,false,
Gradle,org.exist-db,exist-security-activedirectory,7.0.0-SNAPSHOT,org.exist-db,exist-start,7.0.0-SNAPSHOT,false,
Gradle,org.exist-db,exist-security-activedirectory,7.0.0-SNAPSHOT,org.exquery,exquery-common,0.2.1,false,
Gradle,org.exist-db,exist-security-activedirectory,7.0.0-SNAPSHOT,org.bouncycastle,bcprov-jdk18on,1.84,false,
Gradle,org.exist-db,exist-security-activedirectory,7.0.0-SNAPSHOT,at.yawk.lz4,lz4-java,1.11.0,false,
Gradle,org.exist-db,exist-security-activedirectory,7.0.0-SNAPSHOT,com.fasterxml.uuid,java-uuid-generator,5.2.0,false,
Gradle,org.exist-db,exist-security-activedirectory,7.0.0-SNAPSHOT,jakarta.servlet,jakarta.servlet-api,5.0.0,false,
Gradle,org.exist-db,exist-security-activedirectory,7.0.0-SNAPSHOT,org.quartz-scheduler,quartz,2.5.2,false,
Gradle,org.exist-db,exist-security-activedirectory,7.0.0-SNAPSHOT,jakarta.xml.bind,jakarta.xml.bind-api,4.0.5,false,
Gradle,org.exist-db,exist-security-activedirectory,7.0.0-SNAPSHOT,jakarta.activation,jakarta.activation-api,2.1.4,false,
Gradle,org.exist-db,exist-security-activedirectory,7.0.0-SNAPSHOT,org.glassfish.jaxb,jaxb-runtime,4.0.7,false,
Gradle,org.exist-db,exist-security-activedirectory,7.0.0-SNAPSHOT,org.glassfish.jaxb,jaxb-core,4.0.7,false,
Gradle,org.exist-db,exist-security-activedirectory,7.0.0-SNAPSHOT,org.eclipse.angus,angus-activation,2.0.3,false,
Gradle,org.exist-db,exist-security-activedirectory,7.0.0-SNAPSHOT,org.glassfish.jaxb,txw2,4.0.7,false,
Gradle,org.exist-db,exist-security-activedirectory,7.0.0-SNAPSHOT,com.sun.istack,istack-commons-runtime,4.1.2,false,
Gradle,org.exist-db,exist-security-activedirectory,7.0.0-SNAPSHOT,org.exist-db.thirdparty.javax.xml.xquery,xqjri,20080114-133351,false,
Gradle,org.exist-db,exist-security-activedirectory,7.0.0-SNAPSHOT,org.jline,jline,4.0.12,false,
Gradle,org.exist-db,exist-security-activedirectory,7.0.0-SNAPSHOT,net.bytebuddy,byte-buddy,1.18.8,false,
Gradle,org.exist-db,exist-security-activedirectory,7.0.0-SNAPSHOT,se.softhouse,jargo,0.4.14,false,
Gradle,org.exist-db,exist-security-activedirectory,7.0.0-SNAPSHOT,org.apache.commons,commons-pool2,2.13.1,false,
Gradle,org.exist-db,exist-security-activedirectory,7.0.0-SNAPSHOT,org.exist-db.thirdparty.xerces,xercesImpl,2.12.2,false,
Gradle,org.exist-db,exist-security-activedirectory,7.0.0-SNAPSHOT,org.xmlresolver,xmlresolver,6.0.21,false,
Gradle,org.exist-db,exist-security-activedirectory,7.0.0-SNAPSHOT,org.exist-db,exist-saxon-regex,9.4.0-9.e1,false,
Gradle,org.exist-db,exist-security-activedirectory,7.0.0-SNAPSHOT,org.aspectj,aspectjrt,1.9.25.1,false,
Gradle,org.exist-db,exist-security-activedirectory,7.0.0-SNAPSHOT,org.eclipse.jetty,jetty-annotations,11.0.26,false,
Gradle,org.exist-db,exist-security-activedirectory,7.0.0-SNAPSHOT,org.eclipse.jetty,jetty-plus,11.0.26,false,
Gradle,org.exist-db,exist-security-activedirectory,7.0.0-SNAPSHOT,org.eclipse.jetty,jetty-webapp,11.0.26,false,
Gradle,org.exist-db,exist-security-activedirectory,7.0.0-SNAPSHOT,org.eclipse.jetty,jetty-servlet,11.0.26,false,
Gradle,org.exist-db,exist-security-activedirectory,7.0.0-SNAPSHOT,org.eclipse.jetty,jetty-xml,11.0.26,false,
Gradle,org.exist-db,exist-security-activedirectory,7.0.0-SNAPSHOT,org.eclipse.jetty,jetty-jndi,11.0.26,false,
Gradle,org.exist-db,exist-security-activedirectory,7.0.0-SNAPSHOT,jakarta.transaction,jakarta.transaction-api,2.0.0,false,
Gradle,org.exist-db,exist-security-activedirectory,7.0.0-SNAPSHOT,jakarta.annotation,jakarta.annotation-api,2.1.1,false,
Gradle,org.exist-db,exist-security-activedirectory,7.0.0-SNAPSHOT,org.ow2.asm,asm-commons,9.8,false,
Gradle,org.exist-db,exist-security-activedirectory,7.0.0-SNAPSHOT,org.ow2.asm,asm-tree,9.8,false,
Gradle,org.exist-db,exist-security-activedirectory,7.0.0-SNAPSHOT,org.ow2.asm,asm,9.8,false,
Gradle,org.exist-db,exist-security-activedirectory,7.0.0-SNAPSHOT,com.fifesoft,rsyntaxtextarea,3.6.2,false,
Gradle,org.exist-db,exist-security-activedirectory,7.0.0-SNAPSHOT,net.sf.xmldb-org,xmldb-api,2.0.0,false,
Gradle,org.exist-db,exist-security-activedirectory,7.0.0-SNAPSHOT,org.jgrapht,jgrapht-opt,1.5.3,false,
Gradle,org.exist-db,exist-security-activedirectory,7.0.0-SNAPSHOT,it.unimi.dsi,fastutil,8.5.18,false,
Gradle,org.exist-db,exist-security-activedirectory,7.0.0-SNAPSHOT,org.jgrapht,jgrapht-core,1.5.3,false,
Gradle,org.exist-db,exist-security-activedirectory,7.0.0-SNAPSHOT,org.jheaps,jheaps,0.14,false,
Gradle,org.exist-db,exist-security-activedirectory,7.0.0-SNAPSHOT,org.apfloat,apfloat,1.14.0,false,
Gradle,org.exist-db,exist-security-activedirectory,7.0.0-SNAPSHOT,io.lacuna,bifurcan,0.2.0-rc1,false,
Gradle,org.exist-db,exist-security-activedirectory,7.0.0-SNAPSHOT,org.apache.ant,ant,1.10.17,false,
Gradle,org.exist-db,exist-security-activedirectory,7.0.0-SNAPSHOT,org.apache.ant,ant-launcher,1.10.17,false,
Gradle,org.exist-db,exist-security-activedirectory,7.0.0-SNAPSHOT,org.hamcrest,hamcrest,3.0,false,
Gradle,org.exist-db,exist-security-activedirectory,7.0.0-SNAPSHOT,org.xmlunit,xmlunit-core,2.11.0,false,
Gradle,org.exist-db,exist-security-activedirectory,7.0.0-SNAPSHOT,org.fusesource.jansi,jansi,2.4.3,false,
Gradle,org.exist-db,exist-security-activedirectory,7.0.0-SNAPSHOT,org.codelibs,nekohtml,2.1.3,false,
Gradle,org.exist-db,exist-security-activedirectory,7.0.0-SNAPSHOT,xml-resolver,xml-resolver,1.2,false,
Gradle,org.exist-db,exist-security-activedirectory,7.0.0-SNAPSHOT,org.exist-db.thirdparty.org.eclipse.wst.xml,xpath2,1.2.0,false,
Gradle,org.exist-db,exist-security-activedirectory,7.0.0-SNAPSHOT,edu.princeton.cup,java-cup,10k,false,
Gradle,org.exist-db,exist-core-jcstress,7.0.0-SNAPSHOT,org.openjdk.jcstress,jcstress-core,0.16,true,
Gradle,org.exist-db,exist-core-jcstress,7.0.0-SNAPSHOT,net.sf.jopt-simple,jopt-simple,4.6,false,
Gradle,org.exist-db,exist-core-jcstress,7.0.0-SNAPSHOT,net.java.dev.jna,jna-platform,5.8.0,false,
Gradle,org.exist-db,exist-core-jcstress,7.0.0-SNAPSHOT,net.java.dev.jna,jna,5.8.0,false,
Gradle,org.exist-db,exist-core-jcstress,7.0.0-SNAPSHOT,org.exist-db,exist-core,7.0.0-SNAPSHOT,true,
Gradle,org.exist-db,exist-core-jcstress,7.0.0-SNAPSHOT,antlr,antlr,2.7.7,false,
Gradle,org.exist-db,exist-core-jcstress,7.0.0-SNAPSHOT,com.evolvedbinary.j8fu,j8fu,1.24.0,false,
Gradle,org.exist-db,exist-core-jcstress,7.0.0-SNAPSHOT,net.jcip,jcip-annotations,1.0,false,
Gradle,org.exist-db,exist-core-jcstress,7.0.0-SNAPSHOT,org.expath.packaging,pkg-java,2.1.1,false,
Gradle,org.exist-db,exist-core-jcstress,7.0.0-SNAPSHOT,com.google.code.findbugs,jsr305,3.0.2,false,
Gradle,org.exist-db,exist-core-jcstress,7.0.0-SNAPSHOT,org.slf4j,slf4j-api,2.0.17,false,
Gradle,org.exist-db,exist-core-jcstress,7.0.0-SNAPSHOT,com.fasterxml.jackson.core,jackson-core,2.21.2,false,
Gradle,org.exist-db,exist-core-jcstress,7.0.0-SNAPSHOT,com.fasterxml.jackson,jackson-bom,2.21.2,false,
Gradle,org.exist-db,exist-core-jcstress,7.0.0-SNAPSHOT,com.evolvedbinary.multilock,multilock,1.0.1,false,
Gradle,org.exist-db,exist-core-jcstress,7.0.0-SNAPSHOT,org.eclipse.jetty,jetty-jaas,11.0.26,false,
Gradle,org.exist-db,exist-core-jcstress,7.0.0-SNAPSHOT,org.apache.directory.api,api-ldap-model,2.1.7,false,
Gradle,org.exist-db,exist-core-jcstress,7.0.0-SNAPSHOT,com.github.ben-manes.caffeine,caffeine,3.2.3,false,
Gradle,org.exist-db,exist-core-jcstress,7.0.0-SNAPSHOT,org.jspecify,jspecify,1.0.0,false,
Gradle,org.exist-db,exist-core-jcstress,7.0.0-SNAPSHOT,com.google.errorprone,error_prone_annotations,2.43.0,false,
Gradle,org.exist-db,exist-core-jcstress,7.0.0-SNAPSHOT,commons-codec,commons-codec,1.22.0,false,
Gradle,org.exist-db,exist-core-jcstress,7.0.0-SNAPSHOT,org.apache.commons,commons-lang3,3.20.0,false,
Gradle,org.exist-db,exist-core-jcstress,7.0.0-SNAPSHOT,org.apache.mina,mina-core,2.2.5,false,
Gradle,org.exist-db,exist-core-jcstress,7.0.0-SNAPSHOT,org.apache.directory.api,api-asn1-ber,2.1.7,false,
Gradle,org.exist-db,exist-core-jcstress,7.0.0-SNAPSHOT,org.apache.directory.api,api-util,2.1.7,false,
Gradle,org.exist-db,exist-core-jcstress,7.0.0-SNAPSHOT,org.apache.directory.api,api-i18n,2.1.7,false,
Gradle,org.exist-db,exist-core-jcstress,7.0.0-SNAPSHOT,org.apache.directory.api,api-asn1-api,2.1.7,false,
Gradle,org.exist-db,exist-core-jcstress,7.0.0-SNAPSHOT,org.apache.servicemix.bundles,org.apache.servicemix.bundles.antlr,2.7.7_5,false,
Gradle,org.exist-db,exist-core-jcstress,7.0.0-SNAPSHOT,org.apache.commons,commons-collections4,4.4,false,
Gradle,org.exist-db,exist-core-jcstress,7.0.0-SNAPSHOT,org.eclipse.jetty,jetty-security,11.0.26,false,
Gradle,org.exist-db,exist-core-jcstress,7.0.0-SNAPSHOT,org.eclipse.jetty,jetty-server,11.0.26,false,
Gradle,org.exist-db,exist-core-jcstress,7.0.0-SNAPSHOT,org.eclipse.jetty,jetty-http,11.0.26,false,
Gradle,org.exist-db,exist-core-jcstress,7.0.0-SNAPSHOT,org.eclipse.jetty,jetty-io,11.0.26,false,
Gradle,org.exist-db,exist-core-jcstress,7.0.0-SNAPSHOT,org.eclipse.jetty,jetty-util,11.0.26,false,
Gradle,org.exist-db,exist-core-jcstress,7.0.0-SNAPSHOT,org.eclipse.jetty.toolchain,jetty-jakarta-servlet-api,5.0.2,false,
Gradle,org.exist-db,exist-core-jcstress,7.0.0-SNAPSHOT,com.github.krukow,clj-ds,0.0.4,false,
Gradle,org.exist-db,exist-core-jcstress,7.0.0-SNAPSHOT,com.siemens.ct.exi,exificient,1.0.7,false,
Gradle,org.exist-db,exist-core-jcstress,7.0.0-SNAPSHOT,com.siemens.ct.exi,exificient-grammars,1.0.7,false,
Gradle,org.exist-db,exist-core-jcstress,7.0.0-SNAPSHOT,com.siemens.ct.exi,exificient-core,1.0.7,false,
Gradle,org.exist-db,exist-core-jcstress,7.0.0-SNAPSHOT,xerces,xercesImpl,2.12.2,false,
Gradle,org.exist-db,exist-core-jcstress,7.0.0-SNAPSHOT,xmlpull,xmlpull,1.1.3.1,false,
Gradle,org.exist-db,exist-core-jcstress,7.0.0-SNAPSHOT,javax.activation,activation,1.1.1,false,
Gradle,org.exist-db,exist-core-jcstress,7.0.0-SNAPSHOT,com.ibm.icu,icu4j,59.2,false,
Gradle,org.exist-db,exist-core-jcstress,7.0.0-SNAPSHOT,org.relaxng,jing,20241231,false,
Gradle,org.exist-db,exist-core-jcstress,7.0.0-SNAPSHOT,net.sf.saxon,Saxon-HE,9.9.1-8,false,
Gradle,org.exist-db,exist-core-jcstress,7.0.0-SNAPSHOT,isorelax,isorelax,20030108,false,
Gradle,org.exist-db,exist-core-jcstress,7.0.0-SNAPSHOT,org.exist-db,exist-start,7.0.0-SNAPSHOT,false,
Gradle,org.exist-db,exist-core-jcstress,7.0.0-SNAPSHOT,org.exquery,exquery-common,0.2.1,false,
Gradle,org.exist-db,exist-core-jcstress,7.0.0-SNAPSHOT,org.bouncycastle,bcprov-jdk18on,1.84,false,
Gradle,org.exist-db,exist-core-jcstress,7.0.0-SNAPSHOT,at.yawk.lz4,lz4-java,1.11.0,false,
Gradle,org.exist-db,exist-core-jcstress,7.0.0-SNAPSHOT,com.fasterxml.uuid,java-uuid-generator,5.2.0,false,
Gradle,org.exist-db,exist-core-jcstress,7.0.0-SNAPSHOT,jakarta.servlet,jakarta.servlet-api,5.0.0,false,
Gradle,org.exist-db,exist-core-jcstress,7.0.0-SNAPSHOT,org.quartz-scheduler,quartz,2.5.2,false,
Gradle,org.exist-db,exist-core-jcstress,7.0.0-SNAPSHOT,jakarta.xml.bind,jakarta.xml.bind-api,4.0.5,false,
Gradle,org.exist-db,exist-core-jcstress,7.0.0-SNAPSHOT,jakarta.activation,jakarta.activation-api,2.1.4,false,
Gradle,org.exist-db,exist-core-jcstress,7.0.0-SNAPSHOT,org.glassfish.jaxb,jaxb-runtime,4.0.7,false,
Gradle,org.exist-db,exist-core-jcstress,7.0.0-SNAPSHOT,org.glassfish.jaxb,jaxb-core,4.0.7,false,
Gradle,org.exist-db,exist-core-jcstress,7.0.0-SNAPSHOT,org.eclipse.angus,angus-activation,2.0.3,false,
Gradle,org.exist-db,exist-core-jcstress,7.0.0-SNAPSHOT,org.glassfish.jaxb,txw2,4.0.7,false,
Gradle,org.exist-db,exist-core-jcstress,7.0.0-SNAPSHOT,com.sun.istack,istack-commons-runtime,4.1.2,false,
Gradle,org.exist-db,exist-core-jcstress,7.0.0-SNAPSHOT,org.exist-db.thirdparty.javax.xml.xquery,xqjri,20080114-133351,false,
Gradle,org.exist-db,exist-core-jcstress,7.0.0-SNAPSHOT,org.jline,jline,4.0.12,false,
Gradle,org.exist-db,exist-core-jcstress,7.0.0-SNAPSHOT,net.bytebuddy,byte-buddy,1.18.8,false,
Gradle,org.exist-db,exist-core-jcstress,7.0.0-SNAPSHOT,se.softhouse,jargo,0.4.14,false,
Gradle,org.exist-db,exist-core-jcstress,7.0.0-SNAPSHOT,commons-io,commons-io,2.22.0,false,
Gradle,org.exist-db,exist-core-jcstress,7.0.0-SNAPSHOT,com.evolvedbinary.thirdparty.org.apache.xmlrpc,xmlrpc-server,5.0.0,false,
Gradle,org.exist-db,exist-core-jcstress,7.0.0-SNAPSHOT,commons-logging,commons-logging,1.3.6,false,
Gradle,org.exist-db,exist-core-jcstress,7.0.0-SNAPSHOT,com.evolvedbinary.thirdparty.org.apache.xmlrpc,xmlrpc-common,5.0.0,false,
Gradle,org.exist-db,exist-core-jcstress,7.0.0-SNAPSHOT,org.apache.ws.commons.util,ws-commons-util,1.0.2,false,
Gradle,org.exist-db,exist-core-jcstress,7.0.0-SNAPSHOT,junit,junit,4.13.2,false,
Gradle,org.exist-db,exist-core-jcstress,7.0.0-SNAPSHOT,org.hamcrest,hamcrest-core,1.3,false,
Gradle,org.exist-db,exist-core-jcstress,7.0.0-SNAPSHOT,org.apache.logging.log4j,log4j-jcl,2.25.4,false,
Gradle,org.exist-db,exist-core-jcstress,7.0.0-SNAPSHOT,org.apache.logging.log4j,log4j-api,2.25.4,false,
Gradle,org.exist-db,exist-core-jcstress,7.0.0-SNAPSHOT,org.apache.commons,commons-pool2,2.13.1,false,
Gradle,org.exist-db,exist-core-jcstress,7.0.0-SNAPSHOT,org.apache.logging.log4j,log4j-slf4j2-impl,2.25.4,false,
Gradle,org.exist-db,exist-core-jcstress,7.0.0-SNAPSHOT,org.apache.logging.log4j,log4j-core,2.25.4,false,
Gradle,org.exist-db,exist-core-jcstress,7.0.0-SNAPSHOT,org.apache.logging.log4j,log4j-jul,2.25.4,false,
Gradle,org.exist-db,exist-core-jcstress,7.0.0-SNAPSHOT,org.exist-db.thirdparty.xerces,xercesImpl,2.12.2,false,
Gradle,org.exist-db,exist-core-jcstress,7.0.0-SNAPSHOT,com.evolvedbinary.thirdparty.org.apache.xmlrpc,xmlrpc-client,5.0.0,false,
Gradle,org.exist-db,exist-core-jcstress,7.0.0-SNAPSHOT,org.xmlresolver,xmlresolver,6.0.21,false,
Gradle,org.exist-db,exist-core-jcstress,7.0.0-SNAPSHOT,org.exist-db,exist-saxon-regex,9.4.0-9.e1,false,
Gradle,org.exist-db,exist-core-jcstress,7.0.0-SNAPSHOT,org.aspectj,aspectjrt,1.9.25.1,false,
Gradle,org.exist-db,exist-core-jcstress,7.0.0-SNAPSHOT,org.eclipse.jetty,jetty-annotations,11.0.26,false,
Gradle,org.exist-db,exist-core-jcstress,7.0.0-SNAPSHOT,org.eclipse.jetty,jetty-plus,11.0.26,false,
Gradle,org.exist-db,exist-core-jcstress,7.0.0-SNAPSHOT,org.eclipse.jetty,jetty-webapp,11.0.26,false,
Gradle,org.exist-db,exist-core-jcstress,7.0.0-SNAPSHOT,org.eclipse.jetty,jetty-servlet,11.0.26,false,
Gradle,org.exist-db,exist-core-jcstress,7.0.0-SNAPSHOT,org.eclipse.jetty,jetty-xml,11.0.26,false,
Gradle,org.exist-db,exist-core-jcstress,7.0.0-SNAPSHOT,org.eclipse.jetty,jetty-jndi,11.0.26,false,
Gradle,org.exist-db,exist-core-jcstress,7.0.0-SNAPSHOT,jakarta.transaction,jakarta.transaction-api,2.0.0,false,
Gradle,org.exist-db,exist-core-jcstress,7.0.0-SNAPSHOT,jakarta.annotation,jakarta.annotation-api,2.1.1,false,
Gradle,org.exist-db,exist-core-jcstress,7.0.0-SNAPSHOT,org.ow2.asm,asm-commons,9.8,false,
Gradle,org.exist-db,exist-core-jcstress,7.0.0-SNAPSHOT,org.ow2.asm,asm-tree,9.8,false,
Gradle,org.exist-db,exist-core-jcstress,7.0.0-SNAPSHOT,org.ow2.asm,asm,9.8,false,
Gradle,org.exist-db,exist-core-jcstress,7.0.0-SNAPSHOT,com.fifesoft,rsyntaxtextarea,3.6.2,false,
Gradle,org.exist-db,exist-core-jcstress,7.0.0-SNAPSHOT,net.sf.xmldb-org,xmldb-api,2.0.0,false,
Gradle,org.exist-db,exist-core-jcstress,7.0.0-SNAPSHOT,org.jgrapht,jgrapht-opt,1.5.3,false,
Gradle,org.exist-db,exist-core-jcstress,7.0.0-SNAPSHOT,it.unimi.dsi,fastutil,8.5.18,false,
Gradle,org.exist-db,exist-core-jcstress,7.0.0-SNAPSHOT,org.jgrapht,jgrapht-core,1.5.3,false,
Gradle,org.exist-db,exist-core-jcstress,7.0.0-SNAPSHOT,org.jheaps,jheaps,0.14,false,
Gradle,org.exist-db,exist-core-jcstress,7.0.0-SNAPSHOT,org.apfloat,apfloat,1.14.0,false,
Gradle,org.exist-db,exist-core-jcstress,7.0.0-SNAPSHOT,io.lacuna,bifurcan,0.2.0-rc1,false,
Gradle,org.exist-db,exist-core-jcstress,7.0.0-SNAPSHOT,org.apache.ant,ant,1.10.17,false,
Gradle,org.exist-db,exist-core-jcstress,7.0.0-SNAPSHOT,org.apache.ant,ant-launcher,1.10.17,false,
Gradle,org.exist-db,exist-core-jcstress,7.0.0-SNAPSHOT,org.hamcrest,hamcrest,3.0,false,
Gradle,org.exist-db,exist-core-jcstress,7.0.0-SNAPSHOT,org.xmlunit,xmlunit-core,2.11.0,false,
Gradle,org.exist-db,exist-core-jcstress,7.0.0-SNAPSHOT,org.fusesource.jansi,jansi,2.4.3,false,
Gradle,org.exist-db,exist-core-jcstress,7.0.0-SNAPSHOT,org.codelibs,nekohtml,2.1.3,false,
Gradle,org.exist-db,exist-core-jcstress,7.0.0-SNAPSHOT,xml-resolver,xml-resolver,1.2,false,
Gradle,org.exist-db,exist-core-jcstress,7.0.0-SNAPSHOT,org.exist-db.thirdparty.org.eclipse.wst.xml,xpath2,1.2.0,false,
Gradle,org.exist-db,exist-core-jcstress,7.0.0-SNAPSHOT,edu.princeton.cup,java-cup,10k,false,
Gradle,org.exist-db,exist-service,7.0.0-SNAPSHOT,org.exist-db,exist-start,7.0.0-SNAPSHOT,true,
Gradle,org.exist-db,exist-service,7.0.0-SNAPSHOT,commons-daemon,commons-daemon,1.5.1,true,
Gradle,org.exist-db,exist-ant,7.0.0-SNAPSHOT,org.hamcrest,hamcrest,3.0,true,
Gradle,org.exist-db,exist-ant,7.0.0-SNAPSHOT,net.sf.xmldb-org,xmldb-api,2.0.0,true,
Gradle,org.exist-db,exist-ant,7.0.0-SNAPSHOT,org.exist-db,exist-start,7.0.0-SNAPSHOT,true,
Gradle,org.exist-db,exist-ant,7.0.0-SNAPSHOT,com.google.code.findbugs,jsr305,3.0.2,true,
Gradle,org.exist-db,exist-ant,7.0.0-SNAPSHOT,org.apache.ant,ant-testutil,1.10.17,true,
Gradle,org.exist-db,exist-ant,7.0.0-SNAPSHOT,org.apache.ant,ant,1.10.17,false,
Gradle,org.exist-db,exist-ant,7.0.0-SNAPSHOT,org.apache.ant,ant-launcher,1.10.17,false,
Gradle,org.exist-db,exist-ant,7.0.0-SNAPSHOT,junit,junit,4.13.2,false,
Gradle,org.exist-db,exist-ant,7.0.0-SNAPSHOT,org.hamcrest,hamcrest-core,1.3,false,
Gradle,org.exist-db,exist-ant,7.0.0-SNAPSHOT,org.exist-db,exist-core,7.0.0-SNAPSHOT,true,
Gradle,org.exist-db,exist-ant,7.0.0-SNAPSHOT,com.evolvedbinary.multilock,multilock,1.0.1,false,
Gradle,org.exist-db,exist-ant,7.0.0-SNAPSHOT,org.expath.packaging,pkg-java,2.1.1,false,
Gradle,org.exist-db,exist-ant,7.0.0-SNAPSHOT,net.jcip,jcip-annotations,1.0,false,
Gradle,org.exist-db,exist-ant,7.0.0-SNAPSHOT,org.slf4j,slf4j-api,2.0.17,false,
Gradle,org.exist-db,exist-ant,7.0.0-SNAPSHOT,com.evolvedbinary.thirdparty.org.apache.xmlrpc,xmlrpc-client,5.0.0,false,
Gradle,org.exist-db,exist-ant,7.0.0-SNAPSHOT,com.evolvedbinary.thirdparty.org.apache.xmlrpc,xmlrpc-common,5.0.0,false,
Gradle,org.exist-db,exist-ant,7.0.0-SNAPSHOT,org.apache.ws.commons.util,ws-commons-util,1.0.2,false,
Gradle,org.exist-db,exist-ant,7.0.0-SNAPSHOT,com.evolvedbinary.thirdparty.org.apache.xmlrpc,xmlrpc-server,5.0.0,false,
Gradle,org.exist-db,exist-ant,7.0.0-SNAPSHOT,commons-logging,commons-logging,1.3.6,false,
Gradle,org.exist-db,exist-ant,7.0.0-SNAPSHOT,antlr,antlr,2.7.7,false,
Gradle,org.exist-db,exist-ant,7.0.0-SNAPSHOT,com.evolvedbinary.j8fu,j8fu,1.24.0,false,
Gradle,org.exist-db,exist-ant,7.0.0-SNAPSHOT,com.fasterxml.jackson.core,jackson-core,2.21.2,false,
Gradle,org.exist-db,exist-ant,7.0.0-SNAPSHOT,com.fasterxml.jackson,jackson-bom,2.21.2,false,
Gradle,org.exist-db,exist-ant,7.0.0-SNAPSHOT,org.eclipse.jetty,jetty-jaas,11.0.26,false,
Gradle,org.exist-db,exist-ant,7.0.0-SNAPSHOT,org.apache.directory.api,api-ldap-model,2.1.7,false,
Gradle,org.exist-db,exist-ant,7.0.0-SNAPSHOT,com.github.ben-manes.caffeine,caffeine,3.2.3,false,
Gradle,org.exist-db,exist-ant,7.0.0-SNAPSHOT,org.jspecify,jspecify,1.0.0,false,
Gradle,org.exist-db,exist-ant,7.0.0-SNAPSHOT,com.google.errorprone,error_prone_annotations,2.43.0,false,
Gradle,org.exist-db,exist-ant,7.0.0-SNAPSHOT,commons-codec,commons-codec,1.22.0,false,
Gradle,org.exist-db,exist-ant,7.0.0-SNAPSHOT,org.apache.commons,commons-lang3,3.20.0,false,
Gradle,org.exist-db,exist-ant,7.0.0-SNAPSHOT,org.apache.mina,mina-core,2.2.5,false,
Gradle,org.exist-db,exist-ant,7.0.0-SNAPSHOT,org.apache.directory.api,api-asn1-ber,2.1.7,false,
Gradle,org.exist-db,exist-ant,7.0.0-SNAPSHOT,org.apache.directory.api,api-util,2.1.7,false,
Gradle,org.exist-db,exist-ant,7.0.0-SNAPSHOT,org.apache.directory.api,api-i18n,2.1.7,false,
Gradle,org.exist-db,exist-ant,7.0.0-SNAPSHOT,org.apache.directory.api,api-asn1-api,2.1.7,false,
Gradle,org.exist-db,exist-ant,7.0.0-SNAPSHOT,org.apache.servicemix.bundles,org.apache.servicemix.bundles.antlr,2.7.7_5,false,
Gradle,org.exist-db,exist-ant,7.0.0-SNAPSHOT,org.apache.commons,commons-collections4,4.4,false,
Gradle,org.exist-db,exist-ant,7.0.0-SNAPSHOT,org.eclipse.jetty,jetty-security,11.0.26,false,
Gradle,org.exist-db,exist-ant,7.0.0-SNAPSHOT,org.eclipse.jetty,jetty-server,11.0.26,false,
Gradle,org.exist-db,exist-ant,7.0.0-SNAPSHOT,org.eclipse.jetty,jetty-http,11.0.26,false,
Gradle,org.exist-db,exist-ant,7.0.0-SNAPSHOT,org.eclipse.jetty,jetty-io,11.0.26,false,
Gradle,org.exist-db,exist-ant,7.0.0-SNAPSHOT,org.eclipse.jetty,jetty-util,11.0.26,false,
Gradle,org.exist-db,exist-ant,7.0.0-SNAPSHOT,org.eclipse.jetty.toolchain,jetty-jakarta-servlet-api,5.0.2,false,
Gradle,org.exist-db,exist-ant,7.0.0-SNAPSHOT,com.github.krukow,clj-ds,0.0.4,false,
Gradle,org.exist-db,exist-ant,7.0.0-SNAPSHOT,com.siemens.ct.exi,exificient,1.0.7,false,
Gradle,org.exist-db,exist-ant,7.0.0-SNAPSHOT,com.siemens.ct.exi,exificient-grammars,1.0.7,false,
Gradle,org.exist-db,exist-ant,7.0.0-SNAPSHOT,com.siemens.ct.exi,exificient-core,1.0.7,false,
Gradle,org.exist-db,exist-ant,7.0.0-SNAPSHOT,xerces,xercesImpl,2.12.2,false,
Gradle,org.exist-db,exist-ant,7.0.0-SNAPSHOT,xmlpull,xmlpull,1.1.3.1,false,
Gradle,org.exist-db,exist-ant,7.0.0-SNAPSHOT,javax.activation,activation,1.1.1,false,
Gradle,org.exist-db,exist-ant,7.0.0-SNAPSHOT,com.ibm.icu,icu4j,59.2,false,
Gradle,org.exist-db,exist-ant,7.0.0-SNAPSHOT,org.relaxng,jing,20241231,false,
Gradle,org.exist-db,exist-ant,7.0.0-SNAPSHOT,net.sf.saxon,Saxon-HE,9.9.1-8,false,
Gradle,org.exist-db,exist-ant,7.0.0-SNAPSHOT,isorelax,isorelax,20030108,false,
Gradle,org.exist-db,exist-ant,7.0.0-SNAPSHOT,org.exquery,exquery-common,0.2.1,false,
Gradle,org.exist-db,exist-ant,7.0.0-SNAPSHOT,org.bouncycastle,bcprov-jdk18on,1.84,false,
Gradle,org.exist-db,exist-ant,7.0.0-SNAPSHOT,at.yawk.lz4,lz4-java,1.11.0,false,
Gradle,org.exist-db,exist-ant,7.0.0-SNAPSHOT,com.fasterxml.uuid,java-uuid-generator,5.2.0,false,
Gradle,org.exist-db,exist-ant,7.0.0-SNAPSHOT,jakarta.servlet,jakarta.servlet-api,5.0.0,false,
Gradle,org.exist-db,exist-ant,7.0.0-SNAPSHOT,org.quartz-scheduler,quartz,2.5.2,false,
Gradle,org.exist-db,exist-ant,7.0.0-SNAPSHOT,jakarta.xml.bind,jakarta.xml.bind-api,4.0.5,false,
Gradle,org.exist-db,exist-ant,7.0.0-SNAPSHOT,jakarta.activation,jakarta.activation-api,2.1.4,false,
Gradle,org.exist-db,exist-ant,7.0.0-SNAPSHOT,org.glassfish.jaxb,jaxb-runtime,4.0.7,false,
Gradle,org.exist-db,exist-ant,7.0.0-SNAPSHOT,org.glassfish.jaxb,jaxb-core,4.0.7,false,
Gradle,org.exist-db,exist-ant,7.0.0-SNAPSHOT,org.eclipse.angus,angus-activation,2.0.3,false,
Gradle,org.exist-db,exist-ant,7.0.0-SNAPSHOT,org.glassfish.jaxb,txw2,4.0.7,false,
Gradle,org.exist-db,exist-ant,7.0.0-SNAPSHOT,com.sun.istack,istack-commons-runtime,4.1.2,false,
Gradle,org.exist-db,exist-ant,7.0.0-SNAPSHOT,org.exist-db.thirdparty.javax.xml.xquery,xqjri,20080114-133351,false,
Gradle,org.exist-db,exist-ant,7.0.0-SNAPSHOT,org.jline,jline,4.0.12,false,
Gradle,org.exist-db,exist-ant,7.0.0-SNAPSHOT,net.bytebuddy,byte-buddy,1.18.8,false,
Gradle,org.exist-db,exist-ant,7.0.0-SNAPSHOT,se.softhouse,jargo,0.4.14,false,
Gradle,org.exist-db,exist-ant,7.0.0-SNAPSHOT,commons-io,commons-io,2.22.0,false,
Gradle,org.exist-db,exist-ant,7.0.0-SNAPSHOT,org.apache.logging.log4j,log4j-jcl,2.25.4,false,
Gradle,org.exist-db,exist-ant,7.0.0-SNAPSHOT,org.apache.logging.log4j,log4j-api,2.25.4,false,
Gradle,org.exist-db,exist-ant,7.0.0-SNAPSHOT,org.apache.commons,commons-pool2,2.13.1,false,
Gradle,org.exist-db,exist-ant,7.0.0-SNAPSHOT,org.apache.logging.log4j,log4j-slf4j2-impl,2.25.4,false,
Gradle,org.exist-db,exist-ant,7.0.0-SNAPSHOT,org.apache.logging.log4j,log4j-core,2.25.4,false,
Gradle,org.exist-db,exist-ant,7.0.0-SNAPSHOT,org.apache.logging.log4j,log4j-jul,2.25.4,false,
Gradle,org.exist-db,exist-ant,7.0.0-SNAPSHOT,org.exist-db.thirdparty.xerces,xercesImpl,2.12.2,false,
Gradle,org.exist-db,exist-ant,7.0.0-SNAPSHOT,org.xmlresolver,xmlresolver,6.0.21,false,
Gradle,org.exist-db,exist-ant,7.0.0-SNAPSHOT,org.exist-db,exist-saxon-regex,9.4.0-9.e1,false,
Gradle,org.exist-db,exist-ant,7.0.0-SNAPSHOT,org.aspectj,aspectjrt,1.9.25.1,false,
Gradle,org.exist-db,exist-ant,7.0.0-SNAPSHOT,org.eclipse.jetty,jetty-annotations,11.0.26,false,
Gradle,org.exist-db,exist-ant,7.0.0-SNAPSHOT,org.eclipse.jetty,jetty-plus,11.0.26,false,
Gradle,org.exist-db,exist-ant,7.0.0-SNAPSHOT,org.eclipse.jetty,jetty-webapp,11.0.26,false,
Gradle,org.exist-db,exist-ant,7.0.0-SNAPSHOT,org.eclipse.jetty,jetty-servlet,11.0.26,false,
Gradle,org.exist-db,exist-ant,7.0.0-SNAPSHOT,org.eclipse.jetty,jetty-xml,11.0.26,false,
Gradle,org.exist-db,exist-ant,7.0.0-SNAPSHOT,org.eclipse.jetty,jetty-jndi,11.0.26,false,
Gradle,org.exist-db,exist-ant,7.0.0-SNAPSHOT,jakarta.transaction,jakarta.transaction-api,2.0.0,false,
Gradle,org.exist-db,exist-ant,7.0.0-SNAPSHOT,jakarta.annotation,jakarta.annotation-api,2.1.1,false,
Gradle,org.exist-db,exist-ant,7.0.0-SNAPSHOT,org.ow2.asm,asm-commons,9.8,false,
Gradle,org.exist-db,exist-ant,7.0.0-SNAPSHOT,org.ow2.asm,asm-tree,9.8,false,
Gradle,org.exist-db,exist-ant,7.0.0-SNAPSHOT,org.ow2.asm,asm,9.8,false,
Gradle,org.exist-db,exist-ant,7.0.0-SNAPSHOT,com.fifesoft,rsyntaxtextarea,3.6.2,false,
Gradle,org.exist-db,exist-ant,7.0.0-SNAPSHOT,org.jgrapht,jgrapht-opt,1.5.3,false,
Gradle,org.exist-db,exist-ant,7.0.0-SNAPSHOT,it.unimi.dsi,fastutil,8.5.18,false,
Gradle,org.exist-db,exist-ant,7.0.0-SNAPSHOT,org.jgrapht,jgrapht-core,1.5.3,false,
Gradle,org.exist-db,exist-ant,7.0.0-SNAPSHOT,org.jheaps,jheaps,0.14,false,
Gradle,org.exist-db,exist-ant,7.0.0-SNAPSHOT,org.apfloat,apfloat,1.14.0,false,
Gradle,org.exist-db,exist-ant,7.0.0-SNAPSHOT,io.lacuna,bifurcan,0.2.0-rc1,false,
Gradle,org.exist-db,exist-ant,7.0.0-SNAPSHOT,org.xmlunit,xmlunit-core,2.11.0,false,
Gradle,org.exist-db,exist-ant,7.0.0-SNAPSHOT,org.fusesource.jansi,jansi,2.4.3,false,
Gradle,org.exist-db,exist-ant,7.0.0-SNAPSHOT,org.codelibs,nekohtml,2.1.3,false,
Gradle,org.exist-db,exist-ant,7.0.0-SNAPSHOT,xml-resolver,xml-resolver,1.2,false,
Gradle,org.exist-db,exist-ant,7.0.0-SNAPSHOT,org.exist-db.thirdparty.org.eclipse.wst.xml,xpath2,1.2.0,false,
Gradle,org.exist-db,exist-ant,7.0.0-SNAPSHOT,edu.princeton.cup,java-cup,10k,false,
Gradle,org.exist-db,exist-samples,7.0.0-SNAPSHOT,com.google.code.findbugs,jsr305,3.0.2,true,
